date,price,sma,signal,trend_following,buy_and_hold
2021-07-12,408.5083312988281,358.67477752685545,1,99990.0009999,99990.0009999
2021-07-13,407.1157836914063,359.21481536865235,1,99649.14911025602,99649.14911025602
2021-07-14,407.7232971191406,359.7337121582031,1,99797.8493045788,99797.8493045788
2021-07-15,406.3306884765625,360.2204043579102,1,99456.98247544676,99456.98247544676
2021-07-16,403.1435852050781,360.6995747375488,1,98676.87975810611,98676.87975810611
2021-07-19,397.1900329589844,361.1373278808594,1,97219.63727507727,97219.63727507727
2021-07-20,402.8818664550781,361.5936003112793,1,98612.81923334034,98612.81923334034
2021-07-21,406.1438598632813,362.0809767150879,1,99411.25270252045,99411.25270252045
2021-07-22,406.9943237304688,362.54523681640626,1,99619.41952903311,99619.41952903311
2021-07-23,411.1814575195313,363.0527621459961,1,100644.29828835714,100644.29828835714
2021-07-26,412.19085693359375,363.5383819580078,1,100891.36754175645,100891.36754175645
2021-07-27,410.3122253417969,364.0006474304199,1,100431.53756926856,100431.53756926856
2021-07-28,410.1440124511719,364.44787887573244,1,100390.36434019804,100390.36434019804
2021-07-29,411.8450317382813,364.87781967163085,1,100806.72040245542,100806.72040245542
2021-07-30,409.8449401855469,365.30839263916016,1,100317.1608487446,100317.1608487446
2021-08-02,408.9851379394531,365.7448370361328,1,100106.70828056004,100106.70828056004
2021-08-03,412.3123168945313,366.1999052429199,1,100921.0971229794,100921.0971229794
2021-08-04,410.2841796875,366.645803527832,1,100424.6728745088,100424.6728745088
2021-08-05,412.8824462890625,367.12910263061525,1,101060.64688087048,101060.64688087048
2021-08-06,413.5647277832031,367.60947998046873,1,101227.64794805663,101227.64794805663
2021-08-09,413.2283020019531,368.0911798095703,1,101145.30148991555,101145.30148991555
2021-08-10,413.7423706054688,368.5667582702637,1,101271.12932803117,101271.12932803117
2021-08-11,414.7704162597656,369.0420684814453,1,101522.76259503029,101522.76259503029
2021-08-12,416.0134887695313,369.5531349182129,1,101827.02767843564,101827.02767843564
2021-08-13,416.7706298828125,370.0733959960937,1,102012.3520277172,102012.3520277172
2021-08-16,417.751953125,370.6520051574707,1,102252.54911661275,102252.54911661275
2021-08-17,415.0134582519531,371.20157440185545,1,101582.25163645223,101582.25163645223
2021-08-18,410.4710998535156,371.7443342590332,1,100470.4250566672,100470.4250566672
2021-08-19,411.1066589355469,372.27335189819337,1,100625.98994574974,100625.98994574974
2021-08-20,414.3778991699219,372.7917739868164,1,101426.68674736968,101426.68674736968
2021-08-23,418.0230102539063,373.29370269775393,1,102318.89538305043,102318.89538305043
2021-08-24,418.6865234375,373.7679747009277,1,102481.30255766066,102481.30255766066
2021-08-25,419.5650024414063,374.247008972168,1,102696.32660918907,102696.32660918907
2021-08-26,417.08831787109375,374.6933186340332,1,102090.1120630264,102090.1120630264
2021-08-27,420.8175048828125,375.16067825317384,1,103002.89984349838,103002.89984349838
2021-08-30,422.6680603027344,375.6251321411133,1,103455.85765148248,103455.85765148248
2021-08-31,422.0418395996094,376.10245071411134,1,103302.57850407185,103302.57850407185
2021-09-01,422.2661743164063,376.5582843017578,1,103357.48859240595,103357.48859240595
2021-09-02,423.5652160644531,376.99994857788084,1,103675.4531863547,103675.4531863547
2021-09-03,423.4625244140625,377.4501138305664,1,103650.31749770769,103650.31749770769
2021-09-07,421.9484558105469,377.91277267456053,1,103279.72108735271,103279.72108735271
2021-09-08,421.4343566894531,378.36592651367187,1,103153.88577949308,103153.88577949308
2021-09-09,419.6304931640625,378.8213873291016,1,102712.35667986855,102712.35667986855
2021-09-10,416.3218688964844,379.2504583740234,1,101902.50944181693,101902.50944181693
2021-09-13,417.3873291015625,379.6582278442383,1,102163.30061499176,102163.30061499176
2021-09-14,415.1348876953125,380.05732391357424,1,101611.97374793113,101611.97374793113
2021-09-15,418.6023559570313,380.4690881347656,1,102460.70100363735,102460.70100363735
2021-09-16,417.9388427734375,380.88497817993164,1,102298.2938290271,102298.2938290271
2021-09-17,413.8675842285156,381.26220458984375,1,101301.77768776925,101301.77768776925
2021-09-20,406.966796875,381.60136749267576,1,99612.68181992177,99612.68181992177
2021-09-21,406.5823669433594,381.9390701293945,1,99518.58545442802,99518.58545442802
2021-09-22,410.5484619140625,382.28199493408204,1,100489.36085777274,100489.36085777274
2021-09-23,415.5366821289063,382.65337432861327,1,101710.3203977756,101710.3203977756
2021-09-24,416.22119140625,383.0231831359863,1,101877.86675627563,101877.86675627563
2021-09-27,415.0303649902344,383.40238632202147,1,101586.38987464255,101586.38987464255
2021-09-28,406.6667785644531,383.74032669067384,1,99539.24676640354,99539.24676640354
2021-09-29,407.3511047363281,384.0836766052246,1,99706.74830643942,99706.74830643942
2021-09-30,402.3724670410156,384.4097146606445,1,98488.13426606069,98488.13426606069
2021-10-01,407.1542663574219,384.73687042236327,1,99658.56845747262,99658.56845747262
2021-10-04,401.9035339355469,385.0350909423828,1,98373.35417935933,98373.35417935933
2021-10-05,406.08538818359375,385.3446516418457,1,99396.94067296688,99396.94067296688
2021-10-06,407.7731018066406,385.6695216369629,1,99810.039926829,99810.039926829
2021-10-07,411.2986145019531,386.0181475830078,1,100672.9746356724,100672.9746356724
2021-10-08,410.5484619140625,386.3659016418457,1,100489.36085777274,100489.36085777274
2021-10-11,407.576171875,386.69726181030273,1,99761.83766863013,99761.83766863013
2021-10-12,406.572998046875,387.0169673156738,1,99516.29224301208,99516.29224301208
2021-10-13,408.03558349609375,387.3292680358887,1,99874.28719519541,99874.28719519541
2021-10-14,414.8989868164063,387.679182434082,1,101554.23262661125,101554.23262661125
2021-10-15,418.0588684082031,388.0424354553223,1,102327.67233228081,102327.67233228081
2021-10-18,419.2964782714844,388.40310165405276,1,102630.60033150551,102630.60033150551
2021-10-19,422.53131103515625,388.8035734558105,1,103422.3857285026,103422.3857285026
2021-10-20,424.1909484863281,389.2005514526367,1,103828.61281786092,103828.61281786092
2021-10-21,425.29730224609375,389.5927540588379,1,104099.4134480304,104099.4134480304
2021-10-22,424.856689453125,389.9569866943359,1,103991.56528378505,103991.56528378505
2021-10-25,427.1350402832031,390.32258270263674,1,104549.23396352364,104549.23396352364
2021-10-26,427.5195007324219,390.702032623291,1,104643.33779876142,104643.33779876142
2021-10-27,425.6254577636719,391.0716410827637,1,104179.73560554048,104179.73560554048
2021-10-28,429.7322998046875,391.45704818725585,1,105184.96146833248,105184.96146833248
2021-10-29,430.604248046875,391.85299011230467,1,105398.38699463934,105398.38699463934
2021-11-01,431.344970703125,392.2654490661621,1,105579.692621635,105579.692621635
2021-11-02,433.0890197753906,392.6729325866699,1,106006.58102296885,106006.58102296885
2021-11-03,435.7331237792969,393.0693084716797,1,106653.77458485737,106653.77458485737
2021-11-04,437.7864990234375,393.47432678222657,1,107156.37631163733,107156.37631163733
2021-11-05,439.3053894042969,393.89325302124024,1,107528.15294154838,107528.15294154838
2021-11-08,439.6804809570313,394.3070443725586,1,107619.96356537024,107619.96356537024
2021-11-09,438.2270812988281,394.71635467529296,1,107264.21700613867,107264.21700613867
2021-11-10,434.7018127441406,395.1515872192383,1,106401.34205524747,106401.34205524747
2021-11-11,434.8423156738281,395.57257247924804,1,106435.73275674252,106435.73275674252
2021-11-12,438.1239929199219,396.0450650024414,1,107238.98421081931,107238.98421081931
2021-11-15,438.2740173339844,396.4897085571289,1,107275.70547245044,107275.70547245044
2021-11-16,440.0086364746094,396.9183265686035,1,107700.28572288029,107700.28572288029
2021-11-17,438.9397583007813,397.3402072143555,1,107438.65793837457,107438.65793837457
2021-11-18,440.4305725097656,397.74939224243167,1,107803.56240378183,107803.56240378183
2021-11-19,439.64300537109375,398.14758239746095,1,107610.79071970646,107610.79071970646
2021-11-22,438.4052429199219,398.52658416748045,1,107307.82537176163,107307.82537176163
2021-11-23,438.9866333007813,398.9097004699707,1,107450.1314651983,107450.1314651983
2021-11-24,440.15863037109375,399.2994657897949,1,107736.99951476739,107736.99951476739
2021-11-26,430.3418273925781,399.63722213745115,1,105334.15466576097,105334.15466576097
2021-11-29,435.6205749511719,399.99241119384766,1,106626.22616889,106626.22616889
2021-11-30,427.1444091796875,400.3067987060547,1,104551.52717493959,104551.52717493959
2021-12-01,422.4000854492188,400.5970462036133,1,103390.26582919143,103390.26582919143
2021-12-02,428.8696899414063,400.92739517211913,1,104973.82168369755,104973.82168369755
2021-12-03,425.1379699707031,401.24228912353516,1,104060.4139144714,104060.4139144714
2021-12-06,430.1729431152344,401.5962866210937,1,105292.81710232186,105292.81710232186
2021-12-07,439.0711059570313,401.9925924682617,1,107470.80771666188,107470.80771666188
2021-12-08,440.2336730957031,402.37488662719727,1,107755.36761532698,107755.36761532698
2021-12-09,437.2613220214844,402.7861460876465,1,107027.82948669631,107027.82948669631
2021-12-10,441.3775634765625,403.22713348388675,1,108035.35603064827,108035.35603064827
2021-12-13,437.46771240234375,403.6057650756836,1,107078.3473655432,107078.3473655432
2021-12-14,434.4578857421875,403.9834616088867,1,106341.63639124877,106341.63639124877
2021-12-15,441.2463684082031,404.418871307373,1,108003.2436010811,108003.2436010811
2021-12-16,437.3551940917969,404.85673889160154,1,107050.80641931985,107050.80641931985
2021-12-17,432.7005004882813,405.2391586303711,1,105911.48371177564,105911.48371177564
2021-12-20,428.0993957519531,405.6074403381348,1,104785.27787474082,104785.27787474082
2021-12-21,435.7019348144531,405.9884323120117,1,106646.14050646294,106646.14050646294
2021-12-22,440.0585021972656,406.3800178527832,1,107712.49128461855,107712.49128461855
2021-12-23,442.7965393066406,406.76695526123046,1,108382.67671861866,108382.67671861866
2021-12-27,449.0630187988281,407.18276443481443,1,109916.51395688867,109916.51395688867
2021-12-28,448.6960754394531,407.585828704834,1,109826.69775472174,109826.69775472174
2021-12-29,449.2700805664063,407.9940841674805,1,109967.19617010414,109967.19617010414
2021-12-30,448.0280151367188,408.3898617553711,1,109663.17758825165,109663.17758825165
2021-12-31,446.8989562988281,408.80682846069334,1,109386.81946852691,109386.81946852691
2022-01-03,449.4864501953125,409.2400959777832,1,110020.15665524747,110020.15665524747
2022-01-04,449.3359069824219,409.6581248474121,1,109983.30840796791,109983.30840796791
2022-01-05,440.7077331542969,410.04740585327147,1,107871.40261902468,107871.40261902468
2022-01-06,440.2937316894531,410.44383911132815,1,107770.06807156987,107770.06807156987
2022-01-07,438.5530090332031,410.82141479492185,1,107343.99387233485,107343.99387233485
2022-01-10,438.0072326660156,411.16700958251954,1,107210.40497017637,107210.40497017637
2022-01-11,441.9967346191406,411.53348358154295,1,108186.90966718894,108186.90966718894
2022-01-12,443.191650390625,411.910823059082,1,108479.38749452148,108479.38749452148
2022-01-13,437.0851440429688,412.2501776123047,1,106984.70665443504,106984.70665443504
2022-01-14,437.2639465332031,412.57049041748047,1,107028.47188468254,107028.47188468254
2022-01-18,429.5201110839844,412.8253007507324,1,105133.02433812068,105133.02433812068
2022-01-19,425.0601806640625,413.0589289855957,1,104041.37353694948,104041.37353694948
2022-01-20,420.3556518554688,413.2668455505371,1,102889.85273741104,102889.85273741104
2022-01-21,412.1037902832031,413.4245129394531,1,100870.05636205067,100870.05636205067
2022-01-24,413.8539123535156,413.57709716796876,0,100837.39590955892,101298.43124244567
2022-01-25,408.8010864257813,413.70371826171873,1,100827.3131782411,100061.6582543401
2022-01-26,407.7755432128906,413.8195289611816,0,100564.31422468116,99810.63750635106
2022-01-27,405.761962890625,413.93183959960936,0,100564.31422468116,99317.77632578083
2022-01-28,415.8392028808594,414.0739486694336,0,100564.31422468116,101784.36797030394
2022-01-31,423.3289184570313,414.24703170776365,1,100554.25879880128,103617.61495836248
2022-02-01,426.1893310546875,414.44396545410154,1,101233.69896004618,104317.75406590628
2022-02-02,430.3292846679688,414.67575927734373,1,102217.07134235882,105331.08460096635
2022-02-03,420.2144470214844,414.8388130187988,1,99814.47147717694,102855.29023180337
2022-02-04,422.19049072265625,415.02944686889646,1,100283.8455290362,103338.9636272218
2022-02-07,420.8355102539063,415.19248489379885,1,99961.99400701259,103007.30699247365
2022-02-08,424.298095703125,415.3687837219238,1,100784.469623946,103854.83908913571
2022-02-09,430.5081176757813,415.5765516662598,1,102259.5499441394,105374.8573009579
2022-02-10,422.7738037109375,415.74620712280273,1,100422.40115948574,103481.74031453209
2022-02-11,414.437255859375,415.86178985595706,1,98442.20242132725,101441.21539949998
2022-02-14,413.0823059082031,415.9834536743164,0,98110.54611239697,101109.56623449584
2022-02-15,419.7440185546875,416.1342335510254,0,98110.54611239697,102740.14412764474
2022-02-16,420.2144470214844,416.2993832397461,1,98100.7360387931,102855.29023180337
2022-02-17,411.2381286621094,416.419045715332,1,96005.17877222392,100658.16960301314
2022-02-18,408.5752868652344,416.5099299621582,0,95373.9893979766,100006.38961829274
2022-02-22,404.1905517578125,416.5646839904785,0,95373.9893979766,98933.14426640127
2022-02-23,397.0208435058594,416.60305923461914,0,95373.9893979766,97178.2250141979
2022-02-24,402.9956665039063,416.6886824035644,0,95373.9893979766,98640.67390881278
2022-02-25,411.8873291015625,416.85975372314454,0,95373.9893979766,100817.07346767526
2022-02-28,410.8335266113281,417.0028720092773,0,95373.9893979766,100559.13573671831
2022-03-01,404.5763854980469,417.0853596496582,0,95373.9893979766,99027.58424012021
2022-03-02,412.01898193359375,417.2099975585937,0,95373.9893979766,100849.29794340281
2022-03-03,409.96783447265625,417.34105499267577,0,95373.9893979766,100347.24150793675
2022-03-04,406.636962890625,417.46048919677736,0,95373.9893979766,99531.94882649028
2022-03-07,394.6497192382813,417.49939910888673,0,95373.9893979766,96597.84831262071
2022-03-08,391.6575622558594,417.5249319458008,0,95373.9893979766,95865.46232011725
2022-03-09,402.15826416015625,417.5832647705078,0,95373.9893979766,98435.70413274318
2022-03-10,400.3421936035156,417.63684967041013,0,95373.9893979766,97991.1871355083
2022-03-11,395.25189208984375,417.6611169433594,0,95373.9893979766,96745.24130173896
2022-03-14,392.36322021484375,417.66991622924803,0,95373.9893979766,96038.18521122719
2022-03-15,400.991455078125,417.7183630371094,0,95373.9893979766,98150.10593965846
2022-03-16,409.8831787109375,417.8129917907715,0,95373.9893979766,100326.52043800901
2022-03-17,415.0111999511719,417.9301863098145,0,95373.9893979766,101581.69887539432
2022-03-18,419.5567321777344,418.07737518310546,0,95373.9893979766,102694.30230855805
2022-03-21,419.4340515136719,418.20611038208006,1,95364.45295268134,102664.2739375741
2022-03-22,424.3419494628906,418.36129486083985,1,96480.33517870889,103865.57311130088
2022-03-23,418.8771667480469,418.48873626708985,1,95237.83707388023,102527.96604859021
2022-03-24,425.1914978027344,418.65068389892576,1,96673.49239232492,104073.51584549276
2022-03-25,427.2678833007813,418.81388397216796,1,97145.58893867237,104581.74975926823
2022-03-28,430.3070983886719,418.98901931762697,1,97836.59884408243,105325.65409705954
2022-03-29,435.6303405761719,419.18634567260744,1,99046.91564433636,106628.61648697828
2022-03-30,432.9404296875,419.37385650634764,1,98435.32514646451,105970.21083930694
2022-03-31,426.27685546875,419.53908828735354,1,96920.26429771516,104339.17729177244
2022-04-01,427.4849853515625,419.711012878418,1,97194.95025836717,104634.88951826817
2022-04-04,431.1470642089844,419.92776321411134,1,98027.57733203298,105531.2513316273
2022-04-05,425.7010498046875,420.0895249938965,1,96789.34647651727,104198.23816149254
2022-04-06,421.4443359375,420.2194885253906,1,95821.52045510708,103156.32838578954
2022-04-07,423.5680236816406,420.3624540710449,1,96304.37185744652,103676.14040280507
2022-04-08,422.4354553222656,420.48807403564456,1,96046.86591191459,103398.92326251738
2022-04-11,415.2150573730469,420.5705355834961,1,94405.20306159767,101631.59676548706
2022-04-12,413.6766357421875,420.6412855529785,0,94046.01490960937,101255.03949939946
2022-04-13,418.4146423339844,420.73465072631836,0,94046.01490960937,102414.75460813427
2022-04-14,413.2047119140625,420.80028411865237,0,94046.01490960937,101139.52737778357
2022-04-18,413.3745422363281,420.85569107055665,0,94046.01490960937,101181.09650328747
2022-04-19,420.0475158691406,420.9290881347656,0,94046.01490960937,102814.43073198192
2022-04-20,419.7359924316406,421.0046197509766,0,94046.01490960937,102738.17958496595
2022-04-21,413.45947265625,421.04161911010743,0,94046.01490960937,101201.88480091144
2022-04-22,402.114501953125,421.03843643188475,0,94046.01490960937,98424.9925198101
2022-04-25,404.4457702636719,421.0254133605957,0,94046.01490960937,98995.61373568953
2022-04-26,392.7326965332031,420.94653518676756,0,94046.01490960937,96128.62140214827
2022-04-27,393.8370361328125,420.8801414489746,0,94046.01490960937,96398.92902921206
2022-04-28,403.78509521484375,420.86045043945313,0,94046.01490960937,98833.90124727371
2022-04-29,388.863037109375,420.7731121826172,0,94046.01490960937,95181.45038992526
2022-05-02,391.2037353515625,420.7134129333496,0,94046.01490960937,95754.37975670869
2022-05-03,392.9969482421875,420.6924475097656,0,94046.01490960937,96193.3019156682
2022-05-04,404.96490478515625,420.702862701416,0,94046.01490960937,99122.68155131344
2022-05-05,390.57135009765625,420.6250001525879,0,94046.01490960937,95599.59172100482
2022-05-06,388.2400207519531,420.53122863769534,0,94046.01490960937,95028.95556563734
2022-05-09,375.80963134765625,420.35436950683595,0,94046.01490960937,91986.38689876825
2022-05-10,376.677978515625,420.1768051147461,0,94046.01490960937,92198.93099528005
2022-05-11,370.6940307617188,419.9787141418457,0,94046.01490960937,90734.24864720147
2022-05-12,370.3069763183594,419.77952896118165,0,94046.01490960937,90639.50988372149
2022-05-13,379.1602783203125,419.6161051940918,0,94046.01490960937,92806.51997434348
2022-05-16,377.6217956542969,419.45498947143557,0,94046.01490960937,92429.94776876782
2022-05-17,385.38970947265625,419.3370123291016,0,94046.01490960937,94331.28894336607
2022-05-18,369.85394287109375,419.12472045898437,0,94046.01490960937,90528.6215336576
2022-05-19,367.5888366699219,418.9112437438965,0,94046.01490960937,89974.19472282623
2022-05-20,367.7491760253906,418.6855773925781,0,94046.01490960937,90013.4407579381
2022-05-23,374.6298828125,418.4909031677246,0,94046.01490960937,91697.62153421657
2022-05-24,371.7700500488281,418.28361190795897,0,94046.01490960937,90997.62435180925
2022-05-25,375.0545654296875,418.0901728820801,0,94046.01490960937,91801.57049208043
2022-05-26,382.5487365722656,417.9290644836426,0,94046.01490960937,93635.90806276674
2022-05-27,391.9400024414063,417.80869705200195,0,94046.01490960937,95934.59480107659
2022-05-31,389.74072265625,417.67354751586913,0,94046.01490960937,95396.28022810898
2022-06-01,386.5882873535156,417.5177291870117,0,94046.01490960937,94624.66313998171
2022-06-02,393.9503173828125,417.412413482666,0,94046.01490960937,96426.65671903605
2022-06-03,387.48486328125,417.2974822998047,0,94046.01490960937,94844.11674971745
2022-06-06,388.664794921875,417.18527297973634,0,94046.01490960937,95132.92693273327
2022-06-07,392.3929748535156,417.0753483581543,0,94046.01490960937,96045.4682116524
2022-06-08,388.1267395019531,416.92586700439455,0,94046.01490960937,95001.22787581335
2022-06-09,378.89599609375,416.72691436767576,0,94046.01490960937,92741.83199107953
2022-06-10,367.9096374511719,416.4686375427246,0,94046.01490960937,90052.71667202606
2022-06-13,353.9407958984375,416.1528999328613,0,94046.01490960937,86633.58326932535
2022-06-14,352.874267578125,415.81318374633787,0,94046.01490960937,86372.5306551096
2022-06-15,357.9049987792969,415.4893684387207,0,94046.01490960937,87603.89554854047
2022-06-16,346.0596923828125,415.10945770263675,0,94046.01490960937,84704.53681413516
2022-06-17,346.8056945800781,414.7321553039551,0,94046.01490960937,84887.1347068473
2022-06-21,355.5361328125,414.39200988769534,0,94046.01490960937,87024.07160802117
2022-06-22,354.8915405273437,414.04915496826175,0,94046.01490960937,86866.29567470695
2022-06-23,358.370361328125,413.7312644958496,0,94046.01490960937,87717.8016751908
2022-06-24,369.7643432617188,413.47291442871096,0,94046.01490960937,90506.69036519769
2022-06-27,368.3518981933594,413.2165214538574,0,94046.01490960937,90160.96820244881
2022-06-28,360.825439453125,412.9390393066406,0,94046.01490960937,88318.72764258315
2022-06-29,360.5316467285156,412.6547608947754,0,94046.01490960937,88246.81641684621
2022-06-30,357.60260009765625,412.3670994567871,0,94046.01490960937,87529.87785498823
2022-07-01,361.3847351074219,412.08101135253906,0,94046.01490960937,88455.62564134509
2022-07-05,362.0671997070313,411.80165313720704,0,94046.01490960937,88622.6715269954
2022-07-06,363.2900695800781,411.5487655639648,0,94046.01490960937,88921.9916398556
2022-07-07,368.7311096191406,411.3575871276855,0,94046.01490960937,90253.78724171415
2022-07-08,368.4278564453125,411.1668145751953,0,94046.01490960937,90179.56039532919
2022-07-11,364.2190551757813,410.9351675415039,0,94046.01490960937,89149.3781177468
2022-07-12,360.9961242675781,410.66246475219725,0,94046.01490960937,88360.5059209198
2022-07-13,359.1002502441406,410.3768600463867,0,94046.01490960937,87896.4555430573
2022-07-14,358.2281494140625,410.09284896850585,0,94046.01490960937,87682.9926680303
2022-07-15,365.0721435546875,409.884875793457,0,94046.01490960937,89358.18734224567
2022-07-18,362.0577697753906,409.65840911865234,0,94046.01490960937,88620.3633760914
2022-07-19,371.84027099609375,409.50574813842775,0,94046.01490960937,91014.81223281275
2022-07-20,374.2101440429688,409.34102752685544,0,94046.01490960937,91594.88267488491
2022-07-21,378.020751953125,409.2216136169434,0,94046.01490960937,92527.59973241788
2022-07-22,374.513427734375,409.0637538146973,0,94046.01490960937,91669.11699101389
2022-07-25,374.9684143066406,408.8997303771973,0,94046.01490960937,91780.48340469543
2022-07-26,370.5321350097656,408.69589797973634,0,94046.01490960937,90694.62165514428
2022-07-27,380.153564453125,408.54392349243165,0,94046.01490960937,93049.64520289715
2022-07-28,384.9216003417969,408.43065063476564,0,94046.01490960937,94216.71053975342
2022-07-29,390.5332946777344,408.35045211791993,0,94046.01490960937,95590.27695020458
2022-08-01,389.3768005371094,408.257158203125,0,94046.01490960937,95307.2035306006
2022-08-02,386.8079223632813,408.11670288085935,0,94046.01490960937,94678.42288773584
2022-08-03,392.8651123046875,407.9907341003418,0,94046.01490960937,96161.03262147648
2022-08-04,392.5997619628906,407.8572505187988,0,94046.01490960937,96096.08319717163
2022-08-05,391.9362182617188,407.70427505493166,0,94046.01490960937,95933.66855281738
2022-08-08,391.4811706542969,407.5407261657715,0,94046.01490960937,95822.28719964778
2022-08-09,389.9266052246094,407.3638726806641,0,94046.01490960937,95441.77843897049
2022-08-10,398.1165466308594,407.23017196655275,0,94046.01490960937,97446.41870370237
2022-08-11,398.1165466308594,407.085079498291,0,94046.01490960937,97446.41870370237
2022-08-12,404.85638427734375,406.9717639160156,0,94046.01490960937,99096.11914155747
2022-08-15,406.524658203125,406.8762599182129,0,94046.01490960937,99504.46016847511
2022-08-16,407.3208923339844,406.7642028808594,0,94046.01490960937,99699.35325985381
2022-08-17,404.42974853515625,406.6333303833008,1,94036.61124848452,98991.69212007595
2022-08-18,405.6051940917969,406.50463150024416,0,94211.42424221234,99279.40425071999
2022-08-19,400.1546630859375,406.3399597167969,0,94211.42424221234,97945.2855584694
2022-08-22,391.8224182128906,406.12040618896486,0,94211.42424221234,95905.81387734493
2022-08-23,390.87451171875,405.8858462524414,0,94211.42424221234,95673.79615815771
2022-08-24,392.1258239746094,405.64994842529296,0,94211.42424221234,95980.07807245004
2022-08-25,397.6616516113281,405.43985427856444,0,94211.42424221234,97335.0746992529
2022-08-26,384.2012023925781,405.1697248840332,0,94211.42424221234,94040.37976227899
2022-08-29,381.6607666015625,404.90451965332034,0,94211.42424221234,93418.5609208463
2022-08-30,377.470947265625,404.6176628112793,0,94211.42424221234,92393.02482404799
2022-08-31,374.5987243652344,404.3000364685059,0,94211.42424221234,91689.99492556616
2022-09-01,375.774169921875,403.9875372314453,0,94211.42424221234,91977.7070562102
2022-09-02,371.8118286132813,403.6465531921387,0,94211.42424221234,91007.85043138066
2022-09-06,370.4089660644531,403.30389923095703,0,94211.42424221234,90664.4737682559
2022-09-07,377.0633239746094,402.98706298828125,0,94211.42424221234,92293.25145309459
2022-09-08,379.5279541015625,402.6864877319336,0,94211.42424221234,92896.51545036703
2022-09-09,385.4240112304688,402.4215815734863,0,94211.42424221234,94339.68493565117
2022-09-12,389.56634521484375,402.17448013305665,0,94211.42424221234,95353.59811074522
2022-09-13,372.6271057128906,401.8368225097656,0,94211.42424221234,91207.40464303149
2022-09-14,374.0489807128906,401.5553582763672,0,94211.42424221234,91555.43495668433
2022-09-15,369.8022766113281,401.226266784668,0,94211.42424221234,90515.97525702183
2022-09-16,366.9811096191406,400.9254502868652,0,94211.42424221234,89825.44224029526
2022-09-19,369.826904296875,400.6625843811035,0,94211.42424221234,90522.00334045068
2022-09-20,365.58197021484375,400.3461457824707,0,94211.42424221234,89482.97688594168
2022-09-21,359.2047424316406,400.0164796447754,0,94211.42424221234,87922.03194660183
2022-09-22,356.1875915527344,399.64655288696287,0,94211.42424221234,87183.5282337412
2022-09-23,350.2196960449219,399.20229583740235,0,94211.42424221234,85722.7749710202
2022-09-26,346.7550354003906,398.73490264892575,0,94211.42424221234,84874.73493176438
2022-09-27,345.8699035644531,398.27794555664065,0,94211.42424221234,84658.08247603834
2022-09-28,352.67529296875,397.83443420410157,0,94211.42424221234,86323.827924061
2022-09-29,345.30828857421875,397.37363708496093,0,94211.42424221234,84520.61677673046
2022-09-30,339.9685974121094,396.90119064331054,0,94211.42424221234,83213.62819478178
2022-10-03,348.9442749023437,396.43968017578123,0,94211.42424221234,85410.59195894745
2022-10-04,359.7568359375,396.05168838500975,0,94211.42424221234,88057.16708577366
2022-10-05,358.9192810058594,395.68278228759766,0,94211.42424221234,87852.15996098395
2022-10-06,355.2167053222656,395.31836883544923,0,94211.42424221234,86945.8857973025
2022-10-07,345.30828857421875,394.86640060424804,0,94211.42424221234,84520.61677673046
2022-10-10,342.6717834472656,394.37946701049805,0,94211.42424221234,83875.28318110437
2022-10-11,340.5016174316406,393.86799240112305,0,94211.42424221234,83344.09474393744
2022-10-12,339.3785095214844,393.3195698547363,0,94211.42424221234,83069.19322429776
2022-10-13,348.3350524902344,392.81776473999025,0,94211.42424221234,85261.47345895923
2022-10-14,340.3968811035156,392.2733987426758,0,94211.42424221234,83318.4585824407
2022-10-17,349.14410400390625,391.7789791870117,0,94211.42424221234,85459.5038428288
2022-10-18,353.2463684082031,391.3107162475586,0,94211.42424221234,86463.60924401692
2022-10-19,350.7431335449219,390.81699966430665,0,94211.42424221234,85850.89602055175
2022-10-20,347.8020935058594,390.3093305969238,0,94211.42424221234,85131.02184929162
2022-10-21,356.2541809082031,389.88706283569337,0,94211.42424221234,87199.82721520563
2022-10-24,360.6133728027344,389.4886610412598,0,94211.42424221234,88266.82039134746
2022-10-25,366.3719177246094,389.1277555847168,0,94211.42424221234,89676.33121005105
2022-10-26,363.6116943359375,388.7557778930664,0,94211.42424221234,89000.71527214414
2022-10-27,361.66998291015625,388.3541441345215,0,94211.42424221234,88525.4453387548
2022-10-28,370.2743835449219,387.98955780029297,0,94211.42424221234,90631.53219710187
2022-10-31,367.5997314453125,387.6421307373047,0,94211.42424221234,89976.86142144346
2022-11-01,365.9911804199219,387.2857669067383,0,94211.42424221234,89583.13868358443
2022-11-02,356.8062438964844,386.9221975708008,0,94211.42424221234,87334.95488463342
2022-11-03,353.1322631835937,386.56255798339845,0,94211.42424221234,86435.6798711042
2022-11-04,358.21484375,386.2518539428711,0,94211.42424221234,87679.73585963502
2022-11-07,361.6414184570313,385.9995420837402,0,94211.42424221234,88518.4536583466
2022-11-08,363.5926513671875,385.7482357788086,0,94211.42424221234,88996.054151872
2022-11-09,356.10186767578125,385.48473968505857,0,94211.42424221234,87162.54572277256
2022-11-10,375.6711120605469,385.3242175292969,0,94211.42424221234,91952.48173063487
2022-11-11,379.30706787109375,385.1919430541992,0,94211.42424221234,92842.44944310786
2022-11-14,376.0804443359375,384.9931492614746,0,94211.42424221234,92052.67340725372
2022-11-15,379.2879943847656,384.77294464111327,0,94211.42424221234,92837.7808530917
2022-11-16,376.3945617675781,384.5239707946777,0,94211.42424221234,92129.5594825119
2022-11-17,375.2427978515625,384.2485383605957,0,94211.42424221234,91847.64387323194
2022-11-18,376.9466552734375,384.03219940185545,0,94211.42424221234,92264.69462168372
2022-11-21,375.5759582519531,383.79912673950196,0,94211.42424221234,91929.19106876224
2022-11-22,380.6300964355469,383.59809967041014,0,94211.42424221234,93166.28525586094
2022-11-23,383.0287170410156,383.3917527770996,0,94211.42424221234,93753.39219680545
2022-11-25,382.9429931640625,383.153927154541,0,94211.42424221234,93732.40968583681
2022-11-28,376.8323364257813,382.92421981811526,0,94211.42424221234,92236.71296056287
2022-11-29,376.18505859375,382.73295883178713,0,94211.42424221234,92078.27968977437
2022-11-30,388.0351867675781,382.607723236084,0,94211.42424221234,94978.81864373577
2022-12-01,387.7496032714844,382.447751159668,1,94202.00404180815,94908.91677914177
2022-12-02,387.3022766113281,382.2831903076172,1,94093.32806253566,94799.42527121073
2022-12-05,380.3350830078125,382.1286750793457,1,92400.6800379833,93094.07524036296
2022-12-06,374.8525695800781,381.9600614929199,0,91059.6214423873,91752.12825637327
2022-12-07,374.21484375,381.81018295288084,0,91059.6214423873,91596.03301546488
2022-12-08,377.1464538574219,381.7108110046387,0,91059.6214423873,92313.59903582103
2022-12-09,374.3291015625,381.56747817993164,0,91059.6214423873,91623.99973709769
2022-12-12,379.7259216308594,381.40667114257815,0,91059.6214423873,92944.97167986278
2022-12-13,382.600341796875,381.26550521850584,0,91059.6214423873,93648.53939991446
2022-12-14,380.1541748046875,381.14339416503907,1,91050.51639074823,93049.79459777767
2022-12-15,370.85498046875,380.93757415771483,0,88814.38916555191,90773.64407719385
2022-12-16,366.47662353515625,380.72011810302735,0,88814.38916555191,89701.95990180377
2022-12-19,363.3690185546875,380.5037783813477,0,88814.38916555191,88941.3158676505
2022-12-20,363.8662414550781,380.3498609924316,0,88814.38916555191,89063.02040706383
2022-12-21,369.3069763183594,380.2381080627441,0,88814.38916555191,90394.74131148212
2022-12-22,364.038330078125,380.047508392334,0,88814.38916555191,89105.14229362566
2022-12-23,366.1324157714844,379.8764595031738,0,88814.38916555191,89617.70865893611
2022-12-27,364.6885681152344,379.7236428833008,0,88814.38916555191,89264.30012958463
2022-12-28,360.1562194824219,379.5626078796387,0,88814.38916555191,88154.92362584008
2022-12-29,366.63916015625,379.3908464050293,0,88814.38916555191,89741.7437584855
2022-12-30,365.6734313964844,379.169797668457,0,88814.38916555191,89505.36370878718
2023-01-03,364.1340026855469,378.91541168212893,0,88814.38916555191,89128.55994114673
2023-01-04,366.9450988769531,378.652353515625,0,88814.38916555191,89816.62794234474
2023-01-05,362.7571105957031,378.36896881103513,0,88814.38916555191,88791.54003018799
2023-01-06,371.0758666992188,378.1026383972168,0,88814.38916555191,90827.71008445304
2023-01-09,370.8654174804688,377.8625796508789,0,88814.38916555191,90776.1987296507
2023-01-10,373.4663391113281,377.60395385742186,0,88814.38916555191,91412.82260374262
2023-01-11,378.1898498535156,377.3585636901855,0,88814.38916555191,92568.98958406516
2023-01-12,379.5667724609375,377.10486206054685,1,88805.50861469044,92906.01696476793
2023-01-13,381.039306640625,376.83190689086916,1,89150.03072849882,93266.4470535037
2023-01-17,380.3412170410156,376.5689108276367,1,88986.70188506503,93095.57665891216
2023-01-18,374.3364562988281,376.3092088317871,1,87581.79536924412,91625.79994540793
2023-01-19,371.6112976074219,376.0298403930664,0,86935.50798459056,90958.76674338672
2023-01-20,378.5340881347656,375.7667755126953,0,86935.50798459056,92653.24829667686
2023-01-23,383.0759887695313,375.5536502075195,1,86926.81530306026,93764.96283030152
2023-01-24,382.664794921875,375.3597525024414,1,86833.508041063,93664.31549929708
2023-01-25,382.8081970214844,375.1559533691406,1,86866.04855049784,93699.4158264746
2023-01-26,387.0154418945313,374.97885330200194,1,87820.747901895,94729.21714711169
2023-01-27,387.9046936035156,374.8423014831543,1,88022.53507031844,94946.87801828119
2023-01-30,383.0377197265625,374.68910690307615,1,86918.13137055731,93755.59577129308
2023-01-31,388.6695861816406,374.54038162231444,1,88196.10292060037,95134.09968254533
2023-02-01,392.8003540039063,374.4383598327637,1,89133.44825696376,96145.18182465363
2023-02-02,398.518310546875,374.36407867431643,1,90430.95519264539,97544.75788380281
2023-02-03,394.2824401855469,374.2352532958984,1,89469.76020433615,96507.94994326947
2023-02-06,391.872802734375,374.09593734741213,1,88922.97023105131,95918.14642473163
2023-02-07,396.99798583984375,374.0136299133301,1,90085.96623775609,97172.63017592253
2023-02-08,392.6568908691406,373.96634185791015,1,89100.89389755682,96110.06655798804
2023-02-09,389.2528991699219,373.8903775024414,1,88328.46710390267,95276.87636985561
2023-02-10,390.1612854003906,373.87752044677734,1,88534.59623857758,95499.22077052935
2023-02-13,394.7413940429688,373.8820422363281,1,89573.90506949695,96620.2874236744
2023-02-14,394.5597534179688,373.83591552734373,1,89532.68755254523,96575.82750723248
2023-02-15,395.841064453125,373.8708056640625,1,89823.44001671443,96889.4521799022
2023-02-16,390.3907775878906,373.86674087524415,1,88586.672133651,95555.39324560382
2023-02-17,389.41552734375,373.848833770752,1,88365.37035454712,95316.68263576942
2023-02-21,381.60345458984375,373.7320265197754,1,86592.67087632054,93404.53274156574
2023-02-22,381.07757568359375,373.6845576477051,1,86473.33951675869,93275.81411251212
2023-02-23,383.1046752929688,373.6588809204102,1,86933.32478994442,93771.98438968584
2023-02-24,379.01214599609375,373.67489349365235,1,86004.65646109793,92770.26183684195
2023-02-27,380.3030700683594,373.69301895141604,1,86297.59029587195,93086.23947887984
2023-02-28,378.8974609375,373.7340361022949,1,85978.63236353331,92742.19053879277
2023-03-01,377.4440307617188,373.76972137451173,1,85648.82297805905,92386.4365098172
2023-03-02,380.3795471191406,373.77581771850583,1,86314.94431090573,93104.95865740864
2023-03-03,386.47998046875,373.82010864257813,1,87699.24209671438,94598.15301843394
2023-03-06,386.7476806640625,373.8268984985352,1,87759.98807431864,94663.67761302878
2023-03-07,380.8193664550781,373.88172561645507,1,86414.74720981505,93212.61260830933
2023-03-08,381.44085693359375,373.95098571777345,1,86555.77455066214,93364.73394539596
2023-03-09,374.40338134765625,373.98425674438477,1,84958.84506828044,91642.18109405664
2023-03-10,369.00091552734375,373.956111907959,1,83732.92863835266,90319.82724864678
2023-03-13,368.47503662109375,373.9396368408203,0,83605.23591906294,90191.10861959316
2023-03-14,374.56591796875,373.93719360351565,0,83605.23591906294,91681.96495073837
2023-03-15,372.2232971191406,373.88556640625,1,83596.87623143979,91108.56499008132
2023-03-16,378.75396728515625,373.81963623046875,0,84547.63447758195,92707.06780238317
2023-03-17,374.3253479003906,373.74255935668947,1,84539.180559526,91623.08095858252
2023-03-20,377.92474365234375,373.6992416381836,1,85352.08294267031,92504.09991771252
2023-03-21,382.8870849609375,373.64392547607423,1,86472.79857210409,93718.72511478144
2023-03-22,376.3601684570313,373.58830200195314,1,84998.7328271161,92121.14108099477
2023-03-23,377.3776245117188,373.5318661499023,1,85228.51929923473,92370.18234681693
2023-03-24,379.8539733886719,373.46917114257815,1,85787.78814386777,92976.31472579528
2023-03-27,380.5642395019531,373.4313586425781,1,85948.19757254471,93150.16554825314
2023-03-28,379.7099914550781,373.43542861938477,1,85755.27067009886,92941.07247348128
2023-03-29,385.22900390625,373.52202545166017,1,87001.70720648872,94291.95327132591
2023-03-30,387.4846496582031,373.689744720459,1,87511.13154703173,94844.06446150926
2023-03-31,392.946044921875,373.8901036071777,1,88744.55558014144,96180.84238263305
2023-04-03,394.4434509277344,374.0727958679199,1,89082.73592889504,96547.36031274991
2023-04-04,392.2550659179688,374.3037727355957,1,88588.50203179983,96011.71243839957
2023-04-05,391.2279968261719,374.5258842468262,1,88356.54451172925,95760.31820320924
2023-04-06,392.7542114257813,374.71197463989256,1,88701.23111212293,96133.88757168652
2023-04-10,393.15728759765625,374.90330337524415,1,88792.26349735816,96232.54795078006
2023-04-11,393.2628479003906,375.0777658081055,1,88816.10367153508,96258.38579536551
2023-04-12,391.659912109375,375.18724365234374,1,88454.09004082029,95866.03749040724
2023-04-13,396.86224365234375,375.32979537963865,1,89629.0060546794,97139.40475449551
2023-04-14,395.8927307128906,375.5051318359375,1,89410.04725345754,96902.09845653798
2023-04-17,397.3133544921875,375.68904037475585,1,89730.88678745857,97249.82251068577
2023-04-18,397.5725402832031,375.8888900756836,1,89789.42237557206,97313.2630466974
2023-04-19,397.5053405761719,376.06949310302736,1,89774.2457165557,97296.81467035245
2023-04-20,395.3361511230469,376.23583786010744,1,89284.34702314861,96765.86526499435
2023-04-21,395.643310546875,376.3976040649414,1,89353.71717437459,96841.04823861463
2023-04-24,396.0560302734375,376.5342286682129,1,89446.92749977748,96942.06905682036
2023-04-25,389.7691040039063,376.64093490600584,1,88027.06213921485,95403.22709005304
2023-04-26,388.1181945800781,376.7604306030273,1,87654.21394538754,94999.1363474861
2023-04-27,395.84478759765625,376.9346739196777,1,89399.21958256078,96890.36348867335
2023-04-28,399.2234802246094,377.1352900695801,1,90162.27746161506,97717.36125900835
2023-05-01,398.8203125,377.33825088500976,1,90071.22439973266,97618.67847068272
2023-05-02,394.337890625,377.48457962036133,1,89058.89575471813,96521.52246816446
2023-05-03,391.6311950683594,377.6324467468262,1,88447.60446582737,95859.0084612789
2023-05-04,388.857177734375,377.71753128051756,1,87821.1089490574,95180.0161990723
2023-05-05,396.0560302734375,377.8267607116699,1,89446.92749977748,96942.06905682036
2023-05-08,396.16156005859375,377.91746475219725,1,89470.76078173867,96967.89943166178
2023-05-09,394.42425537109375,378.0170188903809,1,89078.4007252069,96542.66184375764
2023-05-10,396.26708984375,378.1235122680664,1,89494.59406369987,96993.7298065032
2023-05-11,395.57611083984375,378.2487321472168,1,89338.54051535824,96824.5998622697
2023-05-12,395.0577392578125,378.32325302124025,1,89221.46933913128,96697.71879024644
2023-05-15,396.4206848144531,378.3807484436035,1,89529.28258542072,97031.32502818535
2023-05-16,393.7716064453125,378.3969400024414,1,88931.00379981012,96382.91389802062
2023-05-17,398.551513671875,378.44281356811524,1,90010.51776366725,97552.88496530295
2023-05-18,402.3908996582031,378.52072845458986,1,90877.62053123691,98492.64599145231
2023-05-19,401.8053283691406,378.5654295349121,1,90745.37269599359,98349.31654308412
2023-05-22,401.968505859375,378.61227325439455,1,90782.22537345065,98389.25726439038
2023-05-23,397.4573059082031,378.63987869262695,1,89763.39736901177,97285.05729325576
2023-05-24,394.5778198242188,378.6553619384766,1,89113.08235471204,96580.24959569579
2023-05-25,397.9948120117188,378.6957029724121,1,89884.78996449545,97416.62189478322
2023-05-26,403.1491394042969,378.7208659362793,1,91048.86452302634,98678.23925151881
2023-05-30,403.3027038574219,378.7467967224121,1,91083.54615253146,98715.82700345694
2023-05-31,401.0663146972656,378.7278463745117,1,90578.47080010803,98168.4292217539
2023-06-01,404.8768615722656,378.71960739135744,1,91439.0604238219,99101.13133979883
2023-06-02,410.7318420410156,378.7366621398926,1,92761.3733630778,100534.24654962413
2023-06-05,409.9447937011719,378.76423736572264,1,92583.62311964831,100341.60185119722
2023-06-06,410.83740234375,378.79039840698243,1,92785.21353725472,100560.08439420958
2023-06-07,409.4168701171875,378.83670944213867,1,92464.39467990086,100212.38274929387
2023-06-08,411.8931884765625,378.937063293457,1,93023.65663231819,100818.50765852822
2023-06-09,412.63232421875,379.04585235595704,1,93190.58609706664,100999.42485883454
2023-06-12,416.3756408691406,379.1671014404297,1,94035.99216954844,101915.6711307905
2023-06-13,419.1207275390625,379.2743968200684,1,94655.95386581548,102587.5820756606
2023-06-14,419.6198425292969,379.451490020752,1,94768.67605392286,102709.74973920353
2023-06-15,424.82220458984375,379.66729721069333,1,95943.59895999769,103983.12447303583
2023-06-16,423.3751220703125,379.8968180847168,1,95616.78387496706,103628.92415081762
2023-06-20,421.1785278320313,380.1297171020508,1,95120.69597184306,103091.26691532432
2023-06-21,419.02056884765625,380.3459490966797,1,94633.33361382107,102563.06637576772
2023-06-22,420.5331115722656,380.5895555114746,1,94974.932501572,102933.2892989214
2023-06-23,417.3538818359375,380.824280090332,1,94256.92214446634,102155.11377553943
2023-06-26,415.648681640625,381.01720687866214,1,93871.81269887244,101737.7343583505
2023-06-27,420.20556640625,381.22059494018555,1,94900.95835024478,102853.11653629185
2023-06-28,420.4175415039063,381.39556259155273,1,94948.83168063879,102905.00137829548
2023-06-29,422.0745544433594,381.5581036376953,1,95323.05831761014,103310.58606966757
2023-06-30,427.0553283691406,381.8302447509766,1,96447.93684533905,104529.7229921281
2023-07-03,427.5467224121094,382.09773345947264,1,96558.91530286917,104650.0008104325
2023-07-05,426.9107971191406,382.3832760620117,1,96415.29531168716,104494.34628442163
2023-07-06,423.56781005859375,382.666209564209,1,95660.30132502576,103676.0881145969
2023-07-07,422.4983825683594,382.92956695556643,1,95418.77740953527,103414.3258746987
2023-07-10,423.56781005859375,383.21949615478513,1,95660.30132502576,103676.0881145969
2023-07-11,426.2653198242188,383.554799041748,1,96269.51805698467,104336.3537285307
2023-07-12,429.695068359375,383.9223364257812,1,97044.1066129392,105175.84838062093
2023-07-13,433.10540771484375,384.33676498413087,1,97814.31171969556,106010.59227551073
2023-07-14,432.835693359375,384.7671682739258,1,97753.39831715853,105944.57467781019
2023-07-17,434.3386535644531,385.20951202392575,1,98092.83304917325,106312.45210133975
2023-07-18,437.5660095214844,385.63396560668946,1,98821.71243046998,107102.40741105049
2023-07-19,438.5390319824219,386.1001193237305,1,99041.4638364997,107340.572729571
2023-07-20,435.6295776367188,386.5784242248535,1,98384.38066636251,106628.42974337764
2023-07-21,435.6295776367188,387.01185073852537,1,98384.38066636251,106628.42974337764
2023-07-24,437.5756530761719,387.40094482421875,1,98823.89037063764,107104.76785016267
2023-07-25,438.770263671875,387.80019973754884,1,99093.68615501327,107397.17098005494
2023-07-26,438.8376770019531,388.21830459594725,1,99108.91105953968,107413.67164460807
2023-07-27,435.9281921386719,388.67140411376954,1,98451.82099718676,106701.52118867067
2023-07-28,440.1961669921875,389.15902603149414,1,99415.71804233395,107746.1872999192
2023-07-31,441.03424072265625,389.66168914794923,1,99604.99207044797,107951.32141035736
2023-08-01,439.7721557617188,390.1636573791504,1,99319.95759711451,107642.40267642392
2023-08-02,433.6546020507813,390.59025512695314,1,97938.34403380015,106145.01778900012
2023-08-03,432.4118347167969,391.05032989501956,1,97657.67233301769,105840.82740303503
2023-08-04,430.4561462402344,391.4568901062012,1,97215.99158079062,105362.13632688184
2023-08-07,434.21337890625,391.8617251586914,1,98064.54050364094,106281.78880211359
2023-08-08,432.32513427734375,392.2696351623535,1,97638.091548156,105819.60586025755
2023-08-09,429.4349365234375,392.67779937744143,1,96985.35736613839,105112.1762825445
2023-08-10,429.589111328125,393.044474029541,1,97020.17683995792,105149.91342936315
2023-08-11,429.3385925292969,393.38810012817385,1,96963.59864110904,105088.59430065486
2023-08-14,431.7085266113281,393.71478317260744,1,97498.83432952501,105668.67968221506
2023-08-15,426.6795959472656,394.0301226806641,1,96363.07988538929,104437.75550368172
2023-08-16,423.548583984375,394.33951568603516,1,95655.9592291219,103671.3821758606
2023-08-17,420.3211669921875,394.58974960327146,1,94927.06606339371,102881.4119266618
2023-08-18,420.52349853515625,394.8543684387207,1,94972.76145362006,102930.93632955325
2023-08-21,423.259521484375,395.14071014404294,1,95590.67616181813,103600.62876044767
2023-08-22,422.1130676269531,395.4672442626953,1,95331.7562938493,103320.0128866282
2023-08-23,426.814453125,395.83565521240234,1,96393.5365866578,104470.764302532
2023-08-24,420.8992614746094,396.1490773010254,1,95057.62530578552,103022.91128774366
2023-08-25,423.866455078125,396.46020248413083,1,95727.74854806573,103749.18702963396
2023-08-28,426.5543212890625,396.7750108337402,1,96334.787339857,104407.09220445556
2023-08-29,432.7201843261719,397.15810241699216,1,97727.31128065677,105916.30169667231
2023-08-30,434.50244140625,397.4522590637207,1,98129.8235709447,106352.54221752653
2023-08-31,433.8665771484375,397.7250566101074,1,97986.21736419415,106196.90263100372
2023-09-01,434.6758117675781,398.0180334472656,1,98168.97824845239,106394.97783333744
2023-09-05,432.7971801757813,398.2855793762207,1,97744.70034091939,105935.14786084957
2023-09-06,429.8877258300781,398.5530451965332,1,97087.61717078218,105223.00487465618
2023-09-07,428.5678405761719,398.8196704101563,1,96789.52884087423,104899.93844553776
2023-09-08,429.21331787109375,399.08100372314453,1,96935.30609557673,105057.9310014287
2023-09-11,432.03619384765625,399.36330490112306,1,97572.8360497151,105748.88232382071
2023-09-12,429.6661376953125,399.60848510742187,1,97037.57279243624,105168.76706328441
2023-09-13,430.1671142578125,399.84417709350583,1,97150.71540570258,105291.39038121293
2023-09-14,433.8761901855469,400.0988430786133,1,97988.38841214607,106199.25560037186
2023-09-15,428.6487121582031,400.3579249572754,1,96807.79321253335,104919.73326720628
2023-09-18,428.9001159667969,400.62150024414063,1,96864.57128563811,104981.26901849131
2023-09-19,428.0106506347656,400.8213775634766,1,96663.6907662509,104763.5558591136
2023-09-20,424.0757751464844,401.00300842285156,1,95775.02225569206,103800.42200390733
2023-09-21,417.0665283203125,401.15182968139646,1,94192.02504124292,102084.77866579194
2023-09-22,416.128662109375,401.3307975769043,1,93980.21346772312,101855.21849238922
2023-09-25,417.8786315917969,401.5459278869629,1,94375.43379377887,102283.55602406408
2023-09-26,411.7394104003906,401.73355072021485,1,92988.92675730302,100780.86761838192
2023-09-27,411.90380859375,401.9073374938965,1,93026.0551233889,100821.10712944923
2023-09-28,414.2917785644531,402.1071508789062,1,93565.36411129564,101405.60712972871
2023-09-29,413.2863159179688,402.2749528503418,1,93338.28627995514,101159.50147330873
2023-10-02,413.1219787597656,402.42756103515626,1,93301.17169830069,101119.27690172946
2023-10-03,407.59185791015625,402.5647494506836,1,92052.2263953886,99765.67711705943
2023-10-04,410.5599670410156,402.7632743835449,1,92722.55640414043,100492.17695127049
2023-10-05,410.4052429199219,402.98291748046876,1,92687.61287043792,100454.30534905939
2023-10-06,415.2778930664063,403.24246185302735,1,93788.0722778694,101646.97696843631
2023-10-09,417.93658447265625,403.51281356811523,1,94388.52211143193,102297.7410679692
2023-10-10,420.1119384765625,403.76683837890624,1,94879.81303241455,102830.19936162051
2023-10-11,421.8328247070313,404.0558108520508,1,95268.46507688875,103251.41822723874
2023-10-12,419.2611083984375,404.3214543151855,1,94687.65805812938,102621.94289817955
2023-10-13,417.17279052734375,404.5838754272461,1,94216.0237363814,102110.78831448998
2023-10-16,421.5621032714844,404.8909048461914,1,95207.32423123294,103185.15412798533
2023-10-17,421.542724609375,405.16542266845704,1,95202.94767425048,103180.41084052892
2023-10-18,415.9256591796875,405.41668380737303,1,93934.36644875092,101805.5297551292
2023-10-19,412.2711486816406,405.65736953735353,1,93109.01672401553,100911.0204382885
2023-10-20,407.2052307128906,405.8586701965332,1,91964.90891442666,99671.0429299958
2023-10-23,406.4993591308594,406.077381439209,1,91805.49196481347,99498.26775067768
2023-10-24,409.5641174316406,406.2698226928711,1,92497.64962075185,100248.42426421864
2023-10-25,403.6860046386719,406.4339256286621,1,91170.11238197987,98809.64698842174
2023-10-26,398.8520202636719,406.5608540344238,0,88136.76748981491,97626.43953472558
2023-10-27,397.0440979003906,406.6551252746582,0,88136.76748981491,97183.91695914562
2023-10-30,401.7911376953125,406.76624710083007,0,88136.76748981491,98345.8431121121
2023-10-31,404.3144226074219,406.88262268066404,0,88136.76748981491,98963.46395740223
2023-11-01,408.6263732910156,407.02404846191405,0,88136.76748981491,100018.89396979203
2023-11-02,416.4574279785156,407.2346533203125,1,88127.95469434548,101935.6900447798
2023-11-03,420.2569580078125,407.47788162231444,1,88931.98600171588,102865.6955852314
2023-11-06,421.22369384765625,407.6913296508789,1,89136.5602188422,103102.32213648257
2023-11-07,422.4225769042969,407.88806259155274,1,89390.25988800717,103395.77103053847
2023-11-08,422.7319030761719,408.08839813232424,1,89455.71743787751,103471.48435598458
2023-11-09,419.4351501464844,408.2715328979492,1,88758.08048075512,102664.54284835902
2023-11-10,425.9803771972656,408.4663575744629,1,90143.13795420523,104266.60872856123
2023-11-13,425.5743103027344,408.65470565795897,1,90057.20877518247,104167.21631455314
2023-11-14,433.8307495117188,408.90867080688474,1,91804.3815992521,106188.13315151738
2023-11-15,434.7491760253906,409.13906875610354,1,91998.73291765655,106412.93509797561
2023-11-16,435.2809143066406,409.3514715576172,1,92111.25584079593,106543.08791788218
2023-11-17,435.8223571777344,409.53799179077146,1,92225.83238477774,106675.61611638898
2023-11-20,439.1771545410156,409.7624653625488,1,92935.75231939158,107496.76507715172
2023-11-21,438.2200012207031,409.9942013549805,1,92733.20589139896,107262.48402552467
2023-11-22,439.9118957519531,410.20877090454104,1,93091.23337411515,107676.60663431832
2023-11-24,440.18255615234375,410.446399230957,1,93148.5087302517,107742.85579408366
2023-11-27,439.3898620605469,410.6970840454102,1,92980.76407181821,107548.82919301196
2023-11-28,439.8248596191406,410.9454019165039,1,93072.81536580516,107655.30292435657
2023-11-29,439.5154724121094,411.1692723083496,1,93007.34490008047,107579.5746594224
2023-11-30,441.2460632324219,411.4027038574219,1,93373.56103445763,108003.16890364085
2023-12-01,443.8564453125,411.64278076171877,1,93925.95275143266,108642.10839838079
2023-12-04,441.5264892578125,411.89845932006835,1,93432.90292729095,108071.80838149447
2023-12-05,441.43951416015625,412.15857925415037,1,93414.4978348353,108050.51961102078
2023-12-06,439.6605529785156,412.44886474609376,1,93038.04588588192,107615.08582252135
2023-12-07,443.0153198242188,412.75855346679685,1,93747.95936256861,108436.22731354006
2023-12-08,444.9198913574219,413.06762954711917,1,94150.99213978424,108902.40656844992
2023-12-11,446.6505126953125,413.40582138061524,1,94517.21473208859,109326.0082824124
2023-12-12,448.6903991699219,413.74775802612305,1,94948.8819584089,109825.30838233292
2023-12-13,454.8779602050781,414.1276605224609,1,96258.25252533966,111339.82886255205
2023-12-14,456.3377685546875,414.5221292114258,1,96567.16747187157,111697.14406802904
2023-12-15,455.5863952636719,414.8981634521484,1,96408.16684683629,111513.23150036835
2023-12-18,458.1491394042969,415.25650924682617,1,96950.47773948737,112140.51072468393
2023-12-19,460.9350891113281,415.6274462890625,1,97540.0219115141,112822.42365680466
2023-12-20,454.5478210449219,415.9960885620117,1,96188.39066913431,111259.0211716803
2023-12-21,458.8577575683594,416.38317306518553,1,97100.43080854708,112313.9581809644
2023-12-22,459.7799072265625,416.81005569458006,1,97295.56999406719,112539.67143619379
2023-12-26,461.7213745117188,417.27365798950194,1,97706.41040524036,113014.88161163095
2023-12-27,462.5561828613281,417.74406372070314,1,97883.06700317869,113219.21645945832
2023-12-28,462.7309265136719,418.18488876342775,1,97920.0450941966,113261.98821375039
2023-12-29,461.3913269042969,418.6307289123535,1,97636.56792281654,112934.09632999125
2024-01-02,458.8092346191406,419.03100524902345,1,97090.16270433497,112302.08128796327
2024-01-03,455.0622863769531,419.43468994140625,1,96297.25840549127,111384.94611646824
2024-01-04,453.5964660644531,419.8130485534668,1,95987.0712473054,111026.15937141815
2024-01-05,454.2177429199219,420.1697018432617,1,96118.54172878334,111178.22842029661
2024-01-08,460.7021179199219,420.5914115905762,1,97490.72209544167,112765.39963091124
2024-01-09,460.003173828125,421.0045393371582,1,97342.8161892972,112594.32008348698
2024-01-10,462.6047058105469,421.4182929992676,1,97893.33510739078,113231.09335245943
2024-01-11,462.40087890625,421.82747619628907,1,97850.2026117728,113181.20293211071
2024-01-12,462.7211608886719,422.242532043457,1,97917.97855749982,113259.59789566211
2024-01-16,461.0224914550781,422.62149948120117,1,97558.51741495023,112843.81700369471
2024-01-17,458.459716796875,422.9763748168945,1,97016.20006437198,112216.53030963511
2024-01-18,462.5367431640625,423.32432830810546,1,97878.95330356667,113214.45823251385
2024-01-19,468.3028259277344,423.6936251831055,1,99099.13343825005,114625.81407799182
2024-01-22,469.29296875,424.0788146972656,1,99308.66088552146,114868.16992291083
2024-01-23,470.6617126464844,424.4759832763672,1,99598.30537735595,115203.19541221466
2024-01-24,471.1760864257813,424.8680926513672,1,99707.1537399314,115329.09794777054
2024-01-25,473.7388305664063,425.27100036621096,1,100249.46463258247,115956.37717208613
2024-01-26,473.136962890625,425.6703709411621,1,100122.10139278937,115809.0588804081
2024-01-29,476.8839416503906,426.0964910888672,1,100915.01214956025,116726.20152164716
2024-01-30,476.5151062011719,426.4947554016113,1,100836.96164169394,116635.92219535063
2024-01-31,468.7396545410156,426.85899002075195,1,99191.57220786765,114732.73599397797
2024-02-01,474.8745727539063,427.24679611206057,1,100489.80285041736,116234.37116575251
2024-02-02,479.873779296875,427.6583023071289,1,101547.70173305932,117458.01981360465
2024-02-05,478.12646484375,428.0614079284668,1,101177.94665458893,117030.33214966004
2024-02-06,479.5146789550781,428.48230056762696,1,101471.71130396261,117370.12333565236
2024-02-07,483.513916015625,428.9216535949707,1,102318.00328678206,118349.01088100918
2024-02-08,483.72747802734375,429.36001083374026,1,102363.19586116965,118401.28414970214
2024-02-09,486.5231628417969,429.8437811279297,1,102954.80011196597,119085.57993016712
2024-02-12,486.3096008300781,430.33473815917966,1,102909.60753757838,119033.30666147415
2024-02-13,479.6116943359375,430.7535726928711,1,101492.24105445964,117393.86965191057
2024-02-14,483.9701843261719,431.1773062133789,1,102414.55575601167,118460.69102393981
2024-02-15,487.3094482421875,431.6197518920898,1,103121.18860569221,119278.03788499339
2024-02-16,484.8826293945313,432.0724755859375,1,102607.64132068938,118684.028900569
2024-02-20,482.2131958007813,432.52538558959964,1,102042.75351462605,118030.63545113901
2024-02-21,482.6500244140625,432.99434982299806,1,102135.19228424363,118137.55736712515
2024-02-22,492.638671875,433.47726303100586,1,104248.92351283082,120582.4643447412
2024-02-23,492.97845458984375,433.9613475036621,1,104320.82607402423,120665.6324747251
2024-02-26,491.1728820800781,434.44509063720704,1,103938.74281257213,120223.68506943513
2024-02-27,492.08538818359375,434.92418212890624,1,104131.84129310418,120447.03788555236
2024-02-28,491.4350280761719,435.4034767150879,1,103994.21640702618,120287.85017061727
2024-02-29,493.2016906738281,435.89419647216795,1,104368.06581132705,120720.27365227428
2024-03-01,497.83197021484375,436.40125289916995,1,105347.8948123212,121853.62056459782
2024-03-04,497.2981262207031,436.91888549804685,1,105234.92629220658,121722.95233235345
2024-03-05,492.3280944824219,437.3877684020996,1,104183.20118794621,120506.44475979001
2024-03-06,494.8227844238281,437.84992782592775,1,104711.11090299164,121117.06645492793
2024-03-07,499.734619140625,438.33957427978515,1,105750.52074012466,122319.32922563405
2024-03-08,496.7351379394531,438.81340744018553,1,105115.79045163753,121585.1504945644
2024-03-11,496.3079833984375,439.3076608276367,1,105025.39884493516,121480.59648743444
2024-03-12,501.64697265625,439.8430065917969,1,106155.20028877055,122787.41326527052
2024-03-13,500.8606872558594,440.3573359680176,1,105988.81179504431,122594.95531044425
2024-03-14,499.8705139160156,440.8409428405762,1,105779.27788984572,122352.5919957812
2024-03-15,496.4381103515625,441.3066198730469,1,105052.9354464197,121512.4474759607
2024-03-18,499.3885192871094,441.7982308959961,1,105677.28138800553,122234.61485863678
2024-03-19,502.1636962890625,442.28466506958006,1,106264.54591173863,122913.89097111637
2024-03-20,506.8084106445313,442.76504791259765,1,107247.42951228771,124050.77107236415
2024-03-21,508.4832153320313,443.25774002075195,1,107601.84055578455,124460.71062450332
2024-03-22,507.5192565917969,443.7411492919922,1,107397.85401003135,124224.76381995849
2024-03-25,506.1170959472656,444.2246504211426,1,107101.1380879376,123881.55896094635
2024-03-26,505.1822204589844,444.6910955810547,1,106903.30594678449,123652.73082245816
2024-03-27,509.427734375,445.1750726318359,1,107801.7134019257,124691.89920210367
2024-03-28,509.3303527832031,445.63984619140626,1,107781.10615630256,124668.06324891715
2024-04-01,508.4442443847656,446.08646377563474,1,107593.59378277897,124451.17176138228
2024-04-02,505.2114868164063,446.5144219970703,1,106909.49909894765,123659.89430697898
2024-04-03,505.7664794921875,446.91914337158204,1,107026.94296259621,123795.73907183325
2024-04-04,499.5930480957031,447.300233001709,1,105720.5624159486,122284.67708309808
2024-04-05,504.8122253417969,447.7184014892578,1,106825.01003768544,123562.16764588864
2024-04-08,505.0946044921875,448.14877166748045,1,106884.76523785811,123631.28518735991
2024-04-09,505.6788024902344,448.57450012207033,1,107008.38933781548,123774.27849724695
2024-04-10,500.615478515625,448.9908081054688,1,105936.92235017373,122534.93591719646
2024-04-11,504.39349365234375,449.43453216552734,1,106736.40081888405,123459.67528810982
2024-04-12,497.4313049316406,449.82066085815427,1,105263.10868640884,121755.5502952823
2024-04-15,491.1994323730469,450.1745703125,1,103944.36120921648,120230.18374673763
2024-04-16,490.3035583496094,450.5157153320313,1,103754.78229899613,120010.9019411145
2024-04-17,487.4018249511719,450.81744781494143,1,103140.73675125827,119300.64880015966
2024-04-18,486.3989562988281,451.111708984375,1,102928.51634835386,119055.17807198186
2024-04-19,482.1534423828125,451.3879222106934,1,102030.10889321264,118016.00969233636
2024-04-22,486.59368896484375,451.70305160522463,1,102969.72438167299,119102.84250861088
2024-04-23,492.367919921875,452.0523992919922,1,104191.62878291274,120516.19277574377
2024-04-24,492.1342468261719,452.3952314758301,1,104142.18043451523,120458.99694573776
2024-04-25,490.2646789550781,452.71522827148436,1,103746.55489977209,120001.38548722555
2024-04-26,494.9093933105469,453.0412998962402,1,104729.43850032116,121138.26558847332
2024-04-29,496.662109375,453.359083404541,1,105100.33663190196,121567.27539711051
2024-04-30,488.79437255859375,453.6388768005371,1,103435.41842629114,119641.50068980367
2024-05-01,487.2071838378906,453.9032194519043,1,103099.54809172067,119253.00677276273
2024-05-02,491.7642211914063,454.1742105102539,1,104063.87806748903,120368.42629942422
2024-05-03,497.85986328125,454.470814666748,1,105353.79735776136,121860.44791063745
2024-05-06,503.0010986328125,454.8076722717285,1,106441.75143348706,123118.86074718596
2024-05-07,503.5561218261719,455.1473049926758,1,106559.20175506281,123254.71298178427
2024-05-08,503.6047973632813,455.47745071411134,1,106569.5021489108,123266.62722350552
2024-05-09,506.5065002441406,455.81613189697265,1,107183.54123872147,123976.87289471632
2024-05-10,507.1589050292969,456.15773803710937,1,107321.59880592038,124136.56108250114
2024-05-13,507.22705078125,456.5142323303223,1,107336.01935730755,124153.24102091088
2024-05-14,509.5543518066406,456.8610232543945,1,107828.50734178483,124722.89117006696
2024-05-15,515.8641357421875,457.2351727294922,1,109163.74190706114,126267.32797510966
2024-05-16,514.8027954101562,457.6103259277344,1,108939.1481156848,126007.54521737831
2024-05-17,515.5427856445312,458.01976684570315,1,109095.7399338829,126188.67157051736
2024-05-20,516.1368408203125,458.4383918762207,1,109221.44994431858,126334.07760772473
2024-05-21,517.4026489257812,458.8731243896484,1,109489.31184778363,126643.90765042933
2024-05-22,515.912841796875,459.28162170410155,1,109174.0487588363,126279.24968657493
2024-05-23,512.1445922851562,459.68071899414065,1,108376.63682682277,125356.90063374984
2024-05-24,515.5330200195312,460.1112094116211,1,109093.67339718612,126186.28125242908
2024-05-28,515.893310546875,460.5427304077148,1,109169.91568544276,126274.46905039837
2024-05-29,512.2807006835938,460.95744094848635,1,108405.43918203405,125390.21569210518
2024-05-30,508.8824462890625,461.343310546875,1,107686.32315911957,124558.42981584961
2024-05-31,513.5173950195312,461.77749954223634,1,108667.14022297185,125692.91959900911
2024-06-03,513.9360961914062,462.2294371032715,1,108755.74298384607,125795.4044870439
2024-06-04,514.5106811523438,462.70038467407227,1,108877.33283674254,125936.04482756279
2024-06-05,520.6256103515625,463.2008952331543,1,110171.33353699102,127432.78731700036
2024-06-06,520.6159057617188,463.687677154541,1,110169.2799161486,127430.41193840014
2024-06-07,519.98291015625,464.1770263671875,1,110035.32959063454,127275.47450781576
2024-06-10,521.589599609375,464.65090209960937,1,110375.32654067138,127668.74159128922
2024-06-11,522.8458251953125,465.1606349182129,1,110641.16065500272,127976.2261343697
2024-06-12,527.1398315429688,465.6770018005371,1,111549.82975642887,129027.26393727229
2024-06-13,528.2013549804688,466.18523696899416,1,111774.46229536827,129287.09151346779
2024-06-14,528.5226440429688,466.6642492675781,1,111842.45135269215,129365.73297857204
2024-06-17,532.7291259765625,467.1553826904297,1,112732.59911897346,130395.34755560847
2024-06-18,534.0826416015625,467.6564630126953,1,113019.02110514641,130726.64564264339
2024-06-20,532.6317749023438,468.14624282836917,1,112711.99833127749,130371.51907216597
2024-06-21,531.917724609375,468.6418455505371,1,112560.8957511802,130196.74200144892
2024-06-24,530.1885986328125,469.14334991455075,1,112194.98959730755,129773.50630494372
2024-06-25,532.2303466796875,469.6616624450684,1,112627.05075718569,130273.26205924983
2024-06-26,532.89453125,470.1800685119629,1,112767.60108427508,130435.83356822863
2024-06-27,533.7346801757812,470.68856094360353,1,112945.38781946947,130641.47562126054
2024-06-28,531.6343994140625,471.19840225219724,1,112500.94035526502,130127.39289791284
2024-07-01,532.728515625,471.7112092590332,1,112732.46996042991,130395.19816072796
2024-07-02,536.3135375976562,472.22339599609376,1,113491.10849767023,131272.69887042177
2024-07-03,538.7069702148438,472.77368728637697,1,113997.59081034096,131858.5359548819
2024-07-05,541.8135375976562,473.33825439453125,1,114654.98196529367,132618.9260177383
2024-07-08,542.4386596679688,473.91039443969726,1,114787.26614559596,132771.936254364
2024-07-09,542.9661865234375,474.50484649658205,1,114898.89787478485,132901.058249595
2024-07-10,548.3389282226562,475.16120849609376,1,116035.84178607847,134216.13656432368
2024-07-11,543.61083984375,475.79861938476563,1,115035.31512848068,133058.84912239725
2024-07-12,547.0397338867188,476.4444248962402,1,115760.91491028131,133898.13462165478
2024-07-15,548.5441284179688,477.1284484863281,1,116079.26488841944,134266.36312315357
2024-07-16,551.7970581054688,477.8279147338867,1,116767.62826211506,135062.578078358
2024-07-17,544.0601806640625,478.4767567443848,1,115130.40164824102,133168.83363343403
2024-07-18,539.8792724609375,479.1097215270996,1,114245.6656249344,132145.47870189126
2024-07-19,536.2940063476562,479.72558166503904,1,113486.97542427666,131267.91823424524
2024-07-22,541.8231811523438,480.39673828125,1,114657.02267028175,132621.28645685047
2024-07-23,540.9732666015625,481.0488047790527,1,114477.16939839057,132413.25408573027
2024-07-24,528.7135009765625,481.6403460693359,1,111882.83922925974,129412.44875770976
2024-07-25,525.958740234375,482.1937503051758,1,111299.89505880834,128738.16990398348
2024-07-26,531.8492431640625,482.7633135986328,1,112546.40416259406,130179.97989585489
2024-07-29,532.161865234375,483.32356323242186,1,112612.55916859956,130256.49995365579
2024-07-30,529.4657592773438,483.8617279052734,1,112042.02713418315,129596.57794794721
2024-07-31,538.072021484375,484.4557824707031,1,113863.22717748756,131703.12046067987
2024-08-01,530.4523315429688,485.0221801757813,1,112250.79900397481,129838.0598328152
2024-08-02,520.5762329101562,485.5172508239746,1,110160.88461081796,127420.70127116653
2024-08-05,505.4151611328125,485.9366130065918,1,106952.59930492974,123709.74737860754
2024-08-06,510.0747985839844,486.4073587036133,1,107938.64083186856,124850.28018468397
2024-08-07,506.66546630859375,486.87933029174803,1,107217.18058138866,124015.78279134701
2024-08-08,518.3782348632812,487.4351953125,1,109695.7588637914,126882.70042744801
2024-08-09,520.6641235351562,488.00601913452147,1,110179.48344108892,127442.214133961
2024-08-12,520.9376220703125,488.56288665771484,1,110237.35938445297,127509.15797992075
2024-08-13,529.5048217773438,489.1919807434082,1,112050.29328097026,129606.1392203003
2024-08-14,531.1752319335938,489.8535968017578,1,112403.77438295355,130015.00312929976
2024-08-15,540.27978515625,490.5697752380371,1,114330.41946121087,132243.51162248664
2024-08-16,541.4910888671875,491.2682749938965,1,114586.74750673705,132540.00070236105
2024-08-19,546.6683959960938,491.9800448608398,1,115682.33485238646,133807.24277634814
2024-08-20,545.779541015625,492.6658106994629,1,115494.2412654169,133589.67901185094
2024-08-21,547.6552124023438,493.32179962158204,1,115891.15838559553,134048.78441916834
2024-08-22,543.3568725585938,493.93729919433594,1,114981.57225851019,132996.68591261405
2024-08-23,549.1302490234375,494.57683197021487,1,116203.29583778897,134409.82702691422
2024-08-26,547.8212280273438,495.2038252258301,1,115926.2895094407,134089.419826669
2024-08-27,548.5734252929688,495.8330328369141,1,116085.46449850975,134273.5340774184
2024-08-28,545.3887939453125,496.4628010559082,1,115411.55396583721,133494.03640934385
2024-08-29,545.4375610351562,497.06008697509765,1,115421.87373346672,133505.97306029717
2024-08-30,550.6444091796875,497.6854374694824,1,116523.71235262389,134780.44584650127
2024-09-03,539.312744140625,498.212847442627,1,114125.78066481276,132006.8103737952
2024-09-04,538.2088012695312,498.73014556884766,1,113892.17160709675,131736.59985340375
2024-09-05,536.8997192382812,499.23823959350585,1,113615.15236289412,131416.17771367048
2024-09-06,527.8636474609375,499.69844604492187,1,111702.99887322292,129204.43132607763
2024-09-09,533.7738037109375,500.17142929077147,1,112953.66688211092,130651.0518331017
2024-09-10,536.0987548828125,500.660823059082,1,113445.65760619553,131220.12681196778
2024-09-11,541.5985107421875,501.1692561340332,1,114609.47941040157,132566.2942013321
2024-09-12,546.1605834960938,501.69914627075195,1,115574.87494415417,133682.94623575782
2024-09-13,549.0130615234375,502.2472622680664,1,116178.49739742768,134381.14320985493
2024-09-16,549.8237915039062,502.79725692749025,1,116350.05869082303,134579.5844296459
2024-09-17,550.0484619140625,503.349921875,1,116397.6019507032,134634.57668516427
2024-09-18,548.4171142578125,503.88577713012694,1,116052.38699550701,134235.27404851792
2024-09-19,557.7754516601562,504.4553721618652,1,118032.73619617175,136525.90093302386
2024-09-20,556.8113403320312,505.0317964172363,1,117828.71736078268,136289.9167797589
2024-09-23,558.2027587890625,505.61561264038085,1,118123.16009251,136630.49228887397
2024-09-24,559.7999267578125,506.2163095092773,1,118461.14216926749,137021.42881221135
2024-09-25,558.5653076171875,506.7940594482422,1,118199.88026737775,136719.23284790118
2024-09-26,560.77978515625,507.3733589172363,1,118668.4932950801,137261.26735339363
2024-09-27,559.9664916992188,507.93993881225583,1,118496.38953580185,137062.19867510448
2024-09-30,562.2103881835938,508.5075387573242,1,118971.22800530323,137611.4340138379
2024-10-01,557.1739501953125,509.0190187072754,1,117905.4504515048,136378.67227827417
2024-10-02,557.4090576171875,509.5243751525879,1,117955.20232247964,136436.2191862494
2024-10-03,556.3899536132812,510.02839294433596,1,117739.54630231686,136186.77455424986
2024-10-04,561.4461059570312,510.5448777770996,1,118809.49567707191,137424.36174445425
2024-10-07,556.370361328125,511.0220541381836,1,117735.40031306895,136181.97897858525
2024-10-08,561.6322631835938,511.55747634887695,1,118848.88903285417,137469.927183012
2024-10-09,565.5224609375,512.0907998657226,1,119672.10684186869,138422.1253329644
2024-10-10,564.5327758789062,512.6145642089843,1,119462.67626350494,138179.8815342058
2024-10-11,567.913330078125,513.1455239868164,1,120178.04668865654,139007.33495892637
2024-10-14,572.5578002929688,513.6955320739746,1,121160.87862578817,140144.15530222192
2024-10-15,568.1093139648438,514.2224240112305,1,120219.51949698993,139055.30565506042
2024-10-16,570.5784912109375,514.7683598327636,1,120742.03038491504,139659.68264419274
2024-10-17,570.6275024414062,515.327451171875,1,120752.40181596197,139671.67905309825
2024-10-18,572.8224487304688,515.9162519836426,1,121216.88177027077,140208.93292241418
2024-10-21,571.8817138671875,516.5076782226563,1,121017.8097070996,139978.67059307304
2024-10-22,571.5780029296875,517.0944795227051,1,120953.5404158299,139904.3317005277
2024-10-23,566.3552856445312,517.6227453613282,1,119848.3436745405,138625.97464743012
2024-10-24,567.5802001953125,518.160630493164,1,120107.55195558781,138925.7952331401
2024-10-25,567.384033203125,518.684527130127,1,120066.04039969135,138877.77971854186
2024-10-28,569.13818359375,519.2182136535645,1,120437.24205384949,139307.14060514825
2024-10-29,570.0592041015625,519.754903869629,1,120632.14229606405,139532.5774798487
2024-10-30,568.3346557617188,520.2914646911621,1,120267.204831268,139110.46224494738
2024-10-31,557.1935424804688,520.7851338195801,1,117909.5964407527,136383.46785393878
2024-11-01,559.5451049804688,521.2701756286621,1,118407.21847733602,136959.0564495954
2024-11-04,558.3399047851562,521.7203610229492,1,118152.18201724533,136664.06131852616
2024-11-05,565.0913696289062,522.1993530273437,1,119580.88216256045,138316.60772885513
2024-11-06,579.142578125,522.7417573547364,1,122554.30557286023,141755.90197068165
2024-11-07,583.62060546875,523.3039799499512,1,123501.91597516622,142851.9823300602
2024-11-08,586.148681640625,523.8660292053223,1,124036.89066254374,143470.77592516236
2024-11-11,586.7072143554688,524.4338804626465,1,124155.08364574489,143607.48718032366
2024-11-12,584.8847045898438,524.9738842773437,1,123769.41623470934,143161.39406709932
2024-11-13,585.1688842773438,525.5171531677246,1,123829.55245258547,143230.95232346814
2024-11-14,581.4061279296875,526.080485534668,1,123033.30294746388,142309.9478245677
2024-11-15,573.958984375,526.5759075927734,1,121457.38789421227,140487.12112942524
2024-11-18,576.310791015625,527.0580926513671,1,121955.06159421301,141062.7694830341
2024-11-19,578.4174194335938,527.5595474243164,1,122400.85230727035,141578.40591313917
2024-11-20,578.6134643554688,528.0550413513183,1,122442.3380314581,141626.39154876128
2024-11-21,581.7196044921875,528.5460697937011,1,123099.63877543033,142386.67703520134
2024-11-22,583.5226440429688,529.0450456237793,1,123481.1860289267,142828.00445173716
2024-11-25,585.501953125,529.5399395751953,1,123900.03426979984,143312.47710976636
2024-11-26,588.5591430664062,530.051187286377,1,124546.97649857949,144060.78112678893
2024-11-27,586.7757568359375,530.587007598877,1,124169.58815018539,143624.26422540573
2024-11-29,590.4208374023438,531.1192608642579,1,124940.93588811086,144516.46539134247
2024-12-02,591.4791870117188,531.6401095581055,1,125164.8968026238,144775.51611415925
2024-12-03,591.7534790039062,532.1744638061523,1,125222.94065209446,144842.6541734637
2024-12-04,595.4280395507812,532.7405380249023,1,126000.52674767333,145742.0711121294
2024-12-05,594.4481811523438,533.2995288085938,1,125793.1756218607,145502.2325709471
2024-12-06,595.5750122070312,533.8142105102539,1,126031.62812495978,145778.0453993579
2024-12-09,592.5079956054688,534.311858215332,1,125382.606443629,145027.33612475905
2024-12-10,590.6658935546875,534.8093232727051,1,124992.79304334555,144576.4474358701
2024-12-11,595.2321166992188,535.3250569152832,1,125959.06685519428,145694.11535548337
2024-12-12,592.1651000976562,535.8287072753906,1,125310.04517386352,144943.40608088448
2024-12-13,592.0474853515625,536.3229362487793,1,125285.15632252173,144914.6176874088
2024-12-16,594.575439453125,536.8066535949707,1,125820.10517819054,145533.38140353494
2024-12-17,592.1259155273438,537.280792541504,1,125301.7531953677,144933.8149295553
2024-12-18,574.4784545898438,537.691544342041,1,121567.31473062633,140614.27111223343
2024-12-19,574.3020629882812,538.0889407348633,1,121529.98791154083,140571.09599176396
2024-12-20,581.199951171875,538.4962673950196,1,122989.67319145321,142259.48223392898
2024-12-23,584.6803588867188,538.9359934997559,1,123726.17395432932,143111.37666110217
2024-12-24,591.1790771484375,539.4103489685059,1,125101.38954676106,144702.05865140897
2024-12-26,591.218505859375,539.8582066345215,1,125109.73318867428,144711.70956069036
2024-12-27,584.9950561523438,540.2788784790039,1,123792.76809938288,143188.40466149684
2024-12-30,578.3192138671875,540.6711219787597,1,122380.07069761342,141554.36827686394
2024-12-31,576.2152099609375,541.0700074768066,1,121934.83536629334,141039.3742447451
2025-01-02,574.7996215820312,541.4470629882812,1,121635.2779562415,140692.88269836156
2025-01-03,581.9865112304688,541.8461770629883,1,123156.11980652406,142452.0074164515
2025-01-06,585.3390502929688,542.2388302612304,1,123865.56185452678,143272.60361615632
2025-01-07,578.7223510742188,542.5900259399414,1,122465.37991562714,141653.04359544555
2025-01-08,579.5678100585938,542.9502687072754,1,122644.29033015041,141859.98538393798
2025-01-10,570.7192993164062,543.273279724121,1,120771.82726091165,139694.14804312805
2025-01-13,571.604248046875,543.6053898620605,1,120959.0942332025,139910.75568038994
2025-01-14,572.3907470703125,543.9202049255371,1,121125.52793241898,140103.26592342436
2025-01-15,582.8025512695312,544.2875659179688,1,123328.80477924828,142651.74837170297
2025-01-16,581.6817626953125,544.6537535095215,1,123091.63094573033,142377.41455260926
2025-01-17,587.5217895507812,545.0653050231933,1,124327.4586379646,143806.8695878619
2025-01-21,592.8995971679688,545.5009706115723,1,125465.47456516967,145123.18788009888
2025-01-22,596.2326049804688,545.9841683959961,1,126170.78353977884,145939.00344362715
2025-01-23,599.4868774414062,546.4575416564942,1,126859.43106227026,146735.5470675687
2025-01-24,597.73681640625,546.9207527160645,1,126489.0947703539,146307.18712666177
2025-01-27,589.2816162109375,547.338766784668,1,124699.86146657774,144237.61984685712
2025-01-28,594.3449096679688,547.8074139404297,1,125771.32199629232,145476.95495716357
2025-01-29,591.6804809570312,548.2438488769532,1,125207.49329028607,144824.78654575383
2025-01-30,594.8560791015625,548.7309727478028,1,125879.49227651411,145602.07316959673
2025-01-31,591.6903076171875,549.2334271240235,1,125209.5727428372,144827.19180333015
2025-02-03,587.70849609375,549.7204518127442,1,124366.96823643606,143852.5694818121
2025-02-04,591.6510009765625,550.2416976928711,1,125201.25493263268,144817.57077302487
2025-02-05,594.0499267578125,550.779952545166,1,125708.89967219536,145404.75241140963
2025-02-06,596.1145629882812,551.3497581481934,1,126145.80427745658,145910.1104737351
2025-02-07,590.6580200195312,551.8700798034668,1,124991.12689813376,144574.52024191144
2025-02-10,594.6692504882812,552.3815864562988,1,125839.95684633394,145556.34339667042
2025-02-11,595.1216430664062,552.8965234375,1,125935.68915881202,145667.07488210977
2025-02-12,593.2044677734375,553.4112223815918,1,125529.9892576721,145197.8106229172
2025-02-13,599.4672241210938,553.9340115356446,1,126855.272157168,146730.73655241606
2025-02-14,599.437744140625,554.4478897094726,1,126849.03379951463,146723.52077968707
2025-02-18,601.1976318359375,555.0099060058594,1,127221.44954398212,147154.28597817034
2025-02-19,602.61328125,555.5869364929199,1,127521.0198698883,147500.7924640419
2025-02-20,600.1062622070312,556.1286466979981,1,126990.5011522632,146887.15299231754
2025-02-21,589.8419189453125,556.5885569763184,1,124818.42900955518,144374.7643471719
2025-02-24,587.157958984375,557.0093412780761,1,124250.4672301554,143717.8152995856
2025-02-25,584.2379760742188,557.4127505493165,1,123632.55984196544,143003.09525170331
2025-02-26,584.5328369140625,557.8173907470704,1,123694.95633435367,143075.26791848117
2025-02-27,575.2025146484375,558.1608708190918,1,121720.5355108378,140791.49825899096
2025-02-28,584.178955078125,558.5459710693359,1,123620.0702108043,142988.6487667573
2025-03-03,573.9441528320312,558.8795565795898,1,121454.24934160404,140483.49083382866
2025-03-04,567.1504516601562,559.1675370788574,1,120016.61142507537,138820.60629776792
2025-03-05,573.2460327148438,559.4544465637207,1,121306.51779949336,140312.61296949312
2025-03-06,563.0703125,559.6957841491699,1,119153.19947730859,137821.91646099856
2025-03-07,566.2261962890625,559.9492012023926,1,119821.02664258001,138594.37763020073
2025-03-10,551.1445922851562,560.1242399597168,1,116629.5577790618,134902.8749510851
2025-03-11,546.5628662109375,560.2700410461425,0,111521.68686236422,133781.4124015067
2025-03-12,549.4632568359375,560.4377931213379,0,111521.68686236422,134491.3368737244
2025-03-13,542.138671875,560.5877635192871,0,111521.68686236422,132698.5086705898
2025-03-14,553.3369140625,560.776782989502,0,111521.68686236422,135439.4864224148
2025-03-17,557.6038818359375,560.9853358459472,0,111521.68686236422,136483.90603211048
2025-03-18,551.5770263671875,561.1818174743653,0,111521.68686236422,135008.72122393153
2025-03-19,557.584228515625,561.425326385498,0,111521.68686236422,136479.09551695784
2025-03-20,555.9718627929688,561.6375987243653,0,111521.68686236422,136084.43906109556
2025-03-21,556.1552734375,561.8486946105957,0,111521.68686236422,136129.33222269098
2025-03-24,566.1151733398438,562.1067170715332,0,111521.68686236422,138567.20270143467
2025-03-25,567.4759521484375,562.3409687805175,1,111510.53580878334,138900.27858754774
2025-03-26,560.7013549804688,562.5413960266113,1,110179.3094242488,137242.0701112472
2025-03-27,559.2123413085938,562.7375431823731,0,109875.72560099396,136877.60636073744
2025-03-28,547.95068359375,562.869348602295,0,109875.72560099396,134121.1064808267
2025-03-31,551.6289672851562,563.0132643127441,0,109875.72560099396,135021.43472826356
2025-04-01,553.18701171875,563.143500213623,0,109875.72560099396,135402.79503975977
2025-04-02,556.687744140625,563.2859321594239,0,109875.72560099396,136259.66431645417
2025-04-03,529.2537841796875,563.2895878601074,0,109875.72560099396,129544.69310594359
2025-04-04,498.2696838378906,563.117290649414,0,109875.72560099396,121960.75910316072
2025-04-07,497.3822021484375,562.9337884521484,0,109875.72560099396,121743.53147714469
2025-04-08,489.5917663574219,562.7185884094238,0,109875.72560099396,119836.67763145534
2025-04-09,541.0084838867188,562.7640422058106,0,109875.72560099396,132421.87417033612
2025-04-10,517.3018798828125,562.6996086120605,0,109875.72560099396,126619.24255565595
2025-04-11,526.531982421875,562.6711167907715,0,109875.72560099396,128878.48157576522
2025-04-14,531.64013671875,562.6648448181153,0,109875.72560099396,130128.7972097897
2025-04-15,530.1511840820312,562.6469273376465,0,109875.72560099396,129764.34839876801
2025-04-16,518.3668823242188,562.5805897521973,0,109875.72560099396,126879.92168267039
2025-04-17,519.1064453125,562.5124794006348,0,109875.72560099396,127060.94345939308
2025-04-21,506.7503662109375,562.3646635437012,0,109875.72560099396,124036.56361922696
2025-04-22,519.9348754882812,562.2708030700684,0,109875.72560099396,127263.71713071906
2025-04-23,527.9915161132812,562.2016929626465,0,109875.72560099396,129235.72955354599
2025-04-24,539.1051635742188,562.1850254821777,0,109875.72560099396,131956.0011749313
2025-04-25,543.0003051757812,562.1851960754394,0,109875.72560099396,132909.40942341593
2025-04-28,543.2073974609375,562.1595384216308,0,109875.72560099396,132960.0991063754
2025-04-29,546.6292724609375,562.1746305847169,0,109875.72560099396,133797.66656450697
2025-04-30,546.8462524414062,562.1736631774902,0,109875.72560099396,133850.77644453084
2025-05-01,550.7216186523438,562.1845506286621,0,109875.72560099396,134799.3442988867
2025-05-02,558.8966674804688,562.2200486755371,0,109875.72560099396,136800.33932853394
2025-05-05,555.69189453125,562.2782072448731,0,109875.72560099396,136015.91162940234
2025-05-06,551.047119140625,562.3340464782715,0,109875.72560099396,134879.0165886665
2025-05-07,553.364501953125,562.4193989562988,0,109875.72560099396,135446.2390710142
2025-05-08,557.2202758789062,562.4963844299316,0,109875.72560099396,136390.01134970543
2025-05-09,556.5103149414062,562.5740696716308,0,109875.72560099396,136216.23522468784
2025-05-12,574.9015502929688,562.8050099182129,0,109875.72560099396,140717.83164340793
2025-05-13,578.6981201171875,563.068706817627,1,109864.73912708125,141647.11261868902
2025-05-14,579.437744140625,563.3066493225098,1,110005.15534334721,141828.14933489976
2025-05-15,582.2678833007812,563.5571794128418,1,110542.45188832466,142520.87845636992
2025-05-16,585.9560546875,563.8396308898925,1,111242.64422206815,143423.62690087114
2025-05-19,586.5969848632812,564.0822557067871,1,111364.32359878121,143580.50646490225
2025-05-20,584.6246948242188,564.3531175231933,1,110989.8880803443,143097.751847999
2025-05-21,574.7733764648438,564.6241032409667,1,109119.63399797163,140686.45871849934
2025-05-22,575.0001831054688,564.9720283508301,1,109162.69280797694,140741.97385609953
2025-05-23,571.0753173828125,565.2770309448242,1,108417.5645040503,139781.2900769337
2025-05-27,582.9483642578125,565.6584454345704,1,110671.63990574909,142687.43880865854
2025-05-28,579.5757446289062,565.9644329833984,1,110031.35447397747,141861.9275173847
2025-05-29,581.8635864257812,566.2704302978516,1,110465.69689438624,142421.91928751534
2025-05-30,581.2127075195312,566.5718057250976,1,110342.12877008683,142262.6045869318
2025-06-02,584.4867553710938,566.8467153930665,1,110963.70053712255,143063.98860500212
2025-06-03,587.8197631835938,567.1299380493164,1,111596.4657407743,143879.8041685304
2025-06-04,587.6619873046875,567.3668490600586,1,111566.51228978837,143841.1855919167
2025-06-05,584.8218994140625,567.583503112793,1,111027.32699722459,143146.0213338941
2025-06-06,590.8274536132812,567.8042984008789,1,112167.47005709336,144615.99226074302
2025-06-09,591.3599243164062,568.0322003173828,1,112268.5586088927,144746.3243545062
2025-06-10,594.7127685546875,568.2674880981446,1,112905.08972030864,145566.9952516513
2025-06-11,593.0166015625,568.5157867431641,1,112583.07563794922,145151.82687869403
2025-06-12,595.3734741210938,568.7470028686523,1,113030.52341737738,145728.71520981114
2025-06-13,588.7171630859375,568.9514825439453,1,111766.8354080262,144099.45946135483
2025-06-16,594.318359375,569.1802072143555,1,112830.21188654804,145470.45627986107
2025-06-17,589.2398681640625,569.3994625854492,1,111866.0699744647,144227.40123702976
2025-06-18,589.1510009765625,569.6180297851563,1,111849.19870768113,144205.64934242645
2025-06-20,587.7673950195312,569.8036447143554,1,111586.52374427686,143866.98608778202
2025-06-23,593.5730590820312,570.0749462890625,1,112688.7180412911,145288.03019126155
2025-06-24,600.13037109375,570.3845541381836,1,113933.61127404684,146893.05409009798
2025-06-25,600.4666748046875,570.7023889160156,1,113997.45789491048,146975.37066926295
2025-06-26,605.1646118164062,571.088893737793,1,114889.35231496392,148125.27800409182
2025-06-27,608.1712646484375,571.4608810424804,1,115460.15964533838,148861.21212500756
2025-06-30,611.0791015625,571.8357827758789,1,116012.20696134295,149572.95921476756
2025-07-01,610.8812866210938,572.1821966552734,1,115974.6521703776,149524.54033399193
2025-07-02,613.650634765625,572.5196469116211,1,116500.40765648386,150202.3897253626
2025-07-03,618.4869995117188,572.8670166015625,1,117418.5823190271,151386.17981909277
2025-07-07,613.8780517578125,573.187287902832,1,116543.58234057423,150258.0542578433
2025-07-08,613.5418090820312,573.5047546386719,1,116479.7473071191,150175.75261816639
2025-07-09,617.2210083007812,573.8487741088867,1,117178.23629181233,151076.304957924
2025-07-10,618.9617309570312,574.1547055053711,1,117508.70918238051,151502.37915715904
2025-07-11,616.7858276367188,574.4545779418945,1,117095.61806917028,150969.78640811524
2025-07-14,617.9628295898438,574.7533782958984,1,117319.06965478447,151257.8794957046
2025-07-15,615.3220825195312,575.030989074707,1,116817.72883839866,150611.50760565893
2025-07-16,617.3792724609375,575.3250588989258,1,117208.2824420663,151115.04305044212
2025-07-17,621.1573486328125,575.6269467163086,1,117925.54302853793,152039.7973608435
2025-07-18,620.7024536132812,575.9306265258789,1,117839.18207294871,151928.45335639405
2025-07-21,621.87939453125,576.2289715576172,1,118062.6220711544,152216.53150449536
2025-07-22,621.9684448242188,576.5529440307618,1,118079.52810016349,152238.3282175628
2025-07-23,627.2598266601562,576.9021978759765,1,119084.08689311295,153533.49219471856
2025-07-24,627.4674072265625,577.257585144043,1,119123.49566943913,153584.30139358246
2025-07-25,630.1181030273438,577.6009451293945,1,119626.72523341129,154233.10842018056
2025-07-28,629.9598388671875,577.9688925170899,1,119596.67908315732,154194.37032766244
2025-07-29,628.29833984375,578.3022229003906,1,119281.24664882886,153787.68758391857
2025-07-30,627.5070190429688,578.6121456909179,1,119131.015897559,153593.99712132802
2025-07-31,625.153076171875,578.9152471923828,1,118684.1243137391,153017.82588563737
2025-08-01,614.9066162109375,579.1502136230469,1,116738.8533487038,150509.81451049086
2025-08-04,624.2530517578125,579.4086898803711,1,118513.25638792147,152797.5281948267
2025-08-05,621.088134765625,579.673583984375,1,117912.40290729304,152022.85598139287
2025-08-06,625.845458984375,579.9499188232422,1,118815.57187582205,153187.29943809606
2025-08-07,625.3212280273438,580.2233874511719,1,118716.04762417091,153058.98417521984
2025-08-08,630.1972045898438,580.5102612304687,1,119641.74251483403,154252.46999669558
2025-08-11,628.9510498046875,580.7956079101563,1,119405.16239538344,153947.45046914363
2025-08-12,635.6468505859375,581.1159521484375,1,120676.34745803746,155586.37206636943
2025-08-13,637.8228149414062,581.4732897949219,1,121089.45015865621,156118.9797549013
2025-08-14,637.882080078125,581.8247991943359,1,121100.70153231475,156133.4859977995
2025-08-15,636.388671875,582.1698223876953,1,120817.18082100962,155767.94660415003
2025-08-18,636.2501220703125,582.5053820800781,1,120790.87740370282,155734.03396627263
2025-08-19,632.7984008789062,582.8190780639649,1,120135.57469050847,154889.16109848375
2025-08-20,631.116943359375,583.1329895019531,1,119816.35317359882,154477.59314214694
2025-08-21,628.5851440429688,583.4899475097657,1,119335.69588139479,153857.8882382736
2025-08-22,638.2381591796875,583.8834127807618,1,121168.30247353407,156220.6429710932
2025-08-25,635.4292602539062,584.2688595581054,1,120635.03834671644,155533.11279146504
2025-08-26,638.0897827148438,584.6338516235352,1,121140.13348345793,156184.3250756395
2025-08-27,639.543701171875,584.9358572387696,1,121416.15714146021,156540.19862051948
2025-08-28,641.80859375,585.2267971801758,1,121846.14269627102,157094.57314314268
2025-08-29,637.98095703125,585.4859585571289,1,121119.47313409318,156157.68796844326
2025-09-02,633.25341796875,585.7186895751953,1,120221.9588209147,155000.53498190932
2025-09-03,636.6853637695312,585.9776928710937,1,120873.50721375337,155840.56745556943
2025-09-04,642.0064086914062,586.2618804931641,1,121883.69748723638,157142.9920239183
2025-09-05,640.1469116210938,586.5555844116211,1,121530.67549971706,156687.84558093463
2025-09-08,641.7196044921875,586.894387512207,1,121829.24825467046,157072.7913695633
2025-09-09,643.203125,587.2288491821289,1,122110.89180579776,157435.91056614838
2025-09-10,645.0625,587.5620745849609,1,122463.89061850005,157891.02713015594
2025-09-11,650.4231567382812,587.921123046875,1,123481.60112010292,159203.14742625036
2025-09-12,650.2054443359375,588.2635522460937,1,123440.26883396487,159149.8582723699
2025-09-15,653.6671752929688,588.6142749023437,1,124097.47188215409,159997.18121619924
2025-09-16,652.76708984375,588.9506005859375,1,123926.59236892796,159776.86858590055
2025-09-17,651.9561157226562,589.2675854492187,1,123772.63047211942,159578.36760815734
2025-09-18,655.00244140625,589.6087188720703,1,124350.96961802227,160324.0123963067
2025-09-19,658.2465209960938,589.947847290039,1,124966.85196748194,161118.0611257436
2025-09-22,661.3606567382812,590.2972546386719,1,125558.06472423405,161880.30368511844
2025-09-23,657.7606201171875,590.6272903442383,1,124874.60460837207,160999.1278613639
2025-09-24,655.6677856445312,590.928489074707,1,124477.2839581374,160486.8677555585
2025-09-25,652.6429443359375,591.219462890625,1,123903.02358002838,159746.48166720333
2025-09-26,656.3819580078125,591.5234976196289,1,124612.8682250567,160661.67470525164
2025-09-29,658.2266845703125,591.8520910644531,1,124963.08605971775,161113.20579212683
2025-09-30,660.7061157226562,592.202292175293,1,125433.80135542434,161720.0926152518
2025-10-01,662.95751953125,592.5409191894531,1,125861.2260929555,162271.16551101557
2025-10-02,663.7210693359375,592.8986990356445,1,126006.18457335551,162458.05850654258
2025-10-03,663.7112426757812,593.2570178222657,1,126004.31900058617,162455.65324896623
2025-10-06,666.0914916992188,593.614598083496,1,126456.2047574718,163038.2634040072
2025-10-07,663.6219482421875,593.9720782470703,1,125987.36662194306,162433.79677794658
2025-10-08,667.5791625976562,594.4375817871094,1,126738.63625237746,163402.3984857798
2025-10-09,665.6452026367188,594.8942974853516,1,126371.4776264818,162929.025867373
2025-10-10,647.6542358398438,595.2265689086914,1,122955.92674585618,158525.40261129607
2025-10-13,657.5919189453125,595.5911267089843,1,124842.57701126371,160957.83511638895
2025-10-14,656.78857421875,595.9191741943359,1,124690.06354051833,160761.20157465222
2025-10-15,659.7044067382812,596.2616036987305,1,125243.62880703705,161474.905737347
2025-10-16,655.2117309570312,596.6126870727539,1,124390.70284178658,160375.23990083605
2025-10-17,658.9308471679688,597.0157452392579,1,125096.7699916422,161285.5626657795
2025-10-20,665.7840576171875,597.463589477539,1,126397.83898083113,162963.01320269066
2025-10-21,665.7741088867188,597.9184619140625,1,126395.95023324479,162960.57806613826
2025-10-22,662.3128051757812,598.3200933837891,1,125738.82829691512,162113.35969872525
2025-10-23,666.2402954101562,598.724599609375,1,126484.45485940747,163074.68587587727
2025-10-24,671.6851806640625,599.1894137573242,1,127518.15598474751,164407.42266548309
2025-10-27,679.6094970703125,599.6896221923828,1,129022.57240579413,166347.04627821388
2025-10-28,681.41455078125,600.2430984497071,1,129365.2584249268,166788.8666978554
2025-10-29,681.7418823242188,600.7937866210938,1,129427.40169674017,166868.9871722768
2025-10-30,674.2439575195312,601.3030526733398,1,128003.93491151085,165033.7308230753
2025-10-31,676.4556274414062,601.7713180541992,1,128423.81624610514,165575.0781121174
2025-11-03,677.7251586914062,602.2515350341797,1,128664.83434301321,165885.81946359316
2025-11-04,669.6917114257812,602.6623846435547,1,127139.6996355593,163919.4840462259
2025-11-05,672.0125122070312,603.05794921875,1,127580.29925656087,164487.54313990445
2025-11-06,664.8021850585938,603.4007971191406,1,126211.43234020805,162722.68165840267
2025-11-07,665.4567260742188,603.7306463623047,1,126335.69570901776,162882.8927282693
2025-11-10,675.8407592773438,604.1211660766602,1,128307.08469282379,165424.57770948438
2025-11-11,677.3878784179688,604.5616973876953,1,128600.8023236135,165803.26385261936
2025-11-12,677.7647705078125,604.9787966918946,1,128672.35457113308,165895.51519133872
2025-11-13,666.5179443359375,605.352984008789,1,126537.16598069761,163142.64560702455
2025-11-14,666.408935546875,605.7107482910156,1,126516.47086910733,163115.96368136417
2025-11-17,660.2002563476562,606.0532980346679,1,125337.76491373326,161596.27413827914
2025-11-18,654.65625,606.3880368041993,1,124285.24583698079,160239.27562007736
2025-11-19,657.185302734375,606.7157083129882,1,124765.38169580209,160858.3082469884
2025-11-20,647.1683349609375,606.9813003540039,1,122863.67938674633,158406.46934691636
2025-11-21,653.6148681640625,607.2688018798829,1,124087.54147306514,159984.37807493893
2025-11-24,663.2351684570312,607.6316876220703,1,125913.93721424564,162339.12524216285
2025-11-25,669.4734497070312,608.005708618164,1,127098.26306274472,163866.06043695295
2025-11-26,674.09521484375,608.4005764770508,1,127975.69639698368,164997.32329069325
2025-11-28,677.7747192382812,608.823427734375,1,128674.24331871943,165897.95032789116
2025-12-01,674.6803588867188,609.1994934082031,1,128086.784882323,165140.5481626451
2025-12-02,675.9300537109375,609.5819549560547,1,128324.0370714669,165446.43418050406
2025-12-03,678.2706298828125,609.9673199462891,1,128768.39101282416,166019.33366831136
2025-12-04,678.7665405273438,610.3480862426758,1,128862.53870692887,166140.7170087316
2025-12-05,680.0557861328125,610.7478338623047,1,129107.29953678412,166456.28381484805
2025-12-08,678.0127563476562,611.1886880493164,1,128719.43421188969,165956.21433129287
2025-12-09,677.4275512695312,611.6400360107422,1,128608.33413914188,165812.97451985299
2025-12-10,681.92041015625,612.1284481811523,1,129461.29486661787,166912.68517482808
2025-12-11,683.5072021484375,612.6233200073242,1,129762.54431293595,167301.08198519665
2025-12-12,676.1580810546875,613.1280978393555,1,128367.3276296423,165502.24810786528
2025-12-15,675.1365356445312,613.5828857421875,1,128173.38917349084,165252.20589634366
2025-12-16,673.2918701171875,614.0796243286132,1,127823.1829262383,164800.68974895653
2025-12-17,665.8832397460938,614.573288269043,1,126416.66851965207,162987.28987077472
2025-12-18,670.9114990234375,615.0616156005859,1,127371.27399453564,164218.0497149395
2025-12-19,676.9923095703125,615.6312255859375,1,128525.70432909133,165706.44103055616
2025-12-22,681.2098388671875,616.2061437988282,1,129326.39425680037,166738.75965492995
2025-12-23,684.3233032226562,616.8720373535157,1,129917.47955205893,167500.8378799362
2025-12-24,686.7305297851562,617.5728756713867,1,130374.48694350387,168090.051288696
2025-12-26,686.660888671875,618.2588638305664,1,130361.26571039944,168073.005332829
2025-12-29,684.2138671875,618.9692398071289,1,129896.70332860912,167474.05137785946
2025-12-30,683.3782958984375,619.6194467163086,1,129738.07170617298,167269.52978643143
2025-12-31,678.3152465820312,620.223003540039,1,128776.86140844144,166030.2544340772
2026-01-02,679.55859375,620.8629113769531,1,129012.9085071008,166334.58674517873
2026-01-05,684.0845947265625,621.4954132080078,1,129872.16119739511,167442.40954216593
2026-01-06,688.1529541015625,622.1563186645508,1,130644.53149871746,168438.21605774132
2026-01-07,685.9347534179688,622.8052160644531,1,130223.41031141311,167895.2702434777
2026-01-08,685.8651123046875,623.4039657592773,1,130210.18907830869,167878.22428761068
2026-01-09,690.4010009765625,624.018591003418,1,131071.31892878085,168988.46728166222
2026-01-12,691.4852294921875,624.6725103759766,1,131277.15765346715,169253.85234741296
2026-01-13,690.1026000976562,625.3269616699218,1,131014.66808859893,168915.4281245774
2026-01-14,686.7105712890625,626.0207611083985,1,130370.69786092266,168085.16607610308
2026-01-15,688.5806884765625,626.7055197143554,1,130725.73605752188,168542.91199000776
2026-01-16,688.0037231445312,627.3796032714844,1,130616.20028492226,168401.68900945486
2026-01-20,673.9981689453125,627.9661553955078,1,127957.27241746042,164973.56950469103
2026-01-21,681.77685546875,628.7287707519531,1,129434.04128181364,166877.54749893042
2026-01-22,685.3379516601562,629.6641120910645,1,130110.10863104931,167749.19192930797
2026-01-23,685.5865478515625,630.60513381958,1,130157.30414589097,167810.04046414263
2026-01-26,689.068115234375,631.6025155639649,1,130818.27310184437,168662.2187415888
2026-01-27,691.8134765625,632.3565405273438,1,131339.4747364081,169334.19691415512
2026-01-28,691.7438354492188,633.2287503051758,1,131326.25350330368,169317.1509582881
2026-01-29,690.3711547851562,634.0479461669922,1,131065.6526860218,168981.16187200494
2026-01-30,688.3121337890625,634.8313061523437,1,130674.75146009901,168477.1782425802
2026-02-02,691.73388671875,635.6392196655273,1,131324.36475571734,169314.71582173568
2026-02-03,685.885009765625,636.4768103027344,1,130213.96657348139,167883.09456071554
2026-02-04,682.5626831054688,637.2940914916992,1,129583.22916631805,167069.8934075963
2026-02-05,674.0379638671875,638.1305294799805,1,127964.82740780582,164983.31005090076
2026-02-06,686.96923828125,638.9657012939454,1,130419.80529816769,168148.4796264663
2026-02-09,690.2816162109375,639.7771517944336,1,131048.65395774468,168959.24564303306
2026-02-10,688.4613037109375,640.5239324951172,1,130703.07108648571,168513.6903513786
2026-02-11,688.3021850585938,641.2504418945313,1,130672.86271251267,168474.74310602777
2026-02-12,677.668701171875,641.922748413086,1,128654.1159901459,165872.00043714533
2026-02-13,678.1461181640625,642.5803326416016,1,128744.75269947355,165988.85711268586
2026-02-17,679.2402954101562,643.2423028564453,1,128952.4801717462,166256.67731498904
2026-02-18,682.662109375,643.9020053100586,1,129602.10505477301,167094.22983363256
2026-02-19,680.8616943359375,644.5118304443359,1,129260.29967868673,166653.54481508295
2026-02-20,685.7855834960938,645.1622988891602,1,130195.09068502641,167858.7581346793
2026-02-23,678.7827758789062,645.8009771728516,1,128865.62095759125,166144.69091255334
2026-02-24,683.7164916992188,646.452737121582,1,129802.27753670028,167352.309489726
2026-02-25,689.4859008789062,647.1140652465821,1,130897.58891306244,168764.4795373028
2026-02-26,685.6561889648438,647.7597946166992,1,130170.5253789954,167827.08642000964
2026-02-27,682.3637084960938,648.2971054077149,1,129545.45421459111,167021.1906765477
2026-03-02,682.7516479492188,648.817373046875,1,129619.10378305013,167116.14606260444
2026-03-03,676.7337036132812,649.3038528442382,1,128476.6084792548,165643.14241968104
2026-03-04,681.50830078125,649.8000549316406,1,129383.05668439079,166811.81375150286
2026-03-05,677.7084350585938,650.2588168334961,1,128661.6593930828,165881.72604386698
2026-03-06,668.8256225585938,650.6699600219727,1,126975.27430887058,163707.492710772
2026-03-09,674.6845092773438,651.1202590942382,1,128087.57282610136,165141.56404783262
2026-03-10,673.6002807617188,651.6143936157226,1,127881.73410141504,164876.17898208188
2026-03-11,672.7548217773438,652.103166809082,1,127721.22531880108,164669.23719358948
2026-03-12,662.5390625,652.5604855346679,1,125781.78282024388,162168.74038093298
2026-03-13,658.7890014648438,652.9396887207031,1,125069.84085427612,161250.8432955473
2026-03-16,665.493408203125,653.3692770385742,1,126342.6597415294,162891.87136058838
2026-03-17,667.2440185546875,653.7961791992187,1,126675.00979227542,163320.3657568878
2026-03-18,657.9335327148438,654.1797833251953,1,124907.43173666729,161041.4514310144
2026-03-19,656.3121337890625,654.5389102172852,1,124599.61222972676,160644.5839309205
2026-03-20,646.9034423828125,654.8343286132813,1,122813.39003383377,158341.6319687719
2026-03-23,653.6959228515625,655.1644982910157,0,119115.34147844107,160004.2177150716
2026-03-24,651.5015869140625,655.4978967285156,0,119115.34147844107,159467.1132406362
2026-03-25,655.1322021484375,655.8194204711914,0,119115.34147844107,160355.77374790466
2026-03-26,643.432373046875,656.0797827148438,0,119115.34147844107,157492.02328327062
2026-03-27,632.4606323242188,656.2685220336914,0,119115.34147844107,154806.48597160555
2026-03-30,630.3460693359375,656.4551693725585,0,119115.34147844107,154288.90740805372
2026-03-31,648.6688842773438,656.7216464233398,0,119115.34147844107,158773.75666066786
2026-04-01,653.5562744140625,657.0458419799804,0,119115.34147844107,159970.03616640926
2026-04-02,654.144775390625,657.3449740600586,0,119115.34147844107,160114.08271020395
2026-04-06,657.23681640625,657.6849588012695,0,119115.34147844107,160870.91717490403
2026-04-07,657.5260009765625,658.0268338012695,0,119115.34147844107,160941.70046929308
2026-04-08,674.27294921875,658.4593615722656,0,119115.34147844107,165040.82707989987
2026-04-09,678.162841796875,658.8823104858399,1,119103.43113532754,165992.95053241204
2026-04-10,677.7140502929688,659.2702288818359,1,119024.61141138338,165883.10047676775
2026-04-13,684.3369750976562,659.6895803833008,1,120187.77314743411,167504.1843252598
2026-04-14,692.675537109375,660.1271350097657,1,121652.24640535978,169545.2022433976
2026-04-15,698.1414184570312,660.5769857788086,1,122612.20053814525,170883.0782168932
2026-04-16,699.8569946289062,661.0208752441406,1,122913.5013406235,171302.99734705093
2026-04-17,708.3152465820312,661.5080450439453,1,124398.99533548029,173373.31160125814
2026-04-20,706.8988037109375,661.9742858886718,1,124150.23029623477,173026.6109020419
2026-04-21,702.2708129882812,662.3932049560547,1,123337.43204136383,171893.8242205203
2026-04-22,709.3825073242188,662.8707272338867,1,124586.43470619804,173634.5434893305
2026-04-23,706.6295776367188,663.3361660766601,1,124102.94703738565,172960.71282024577
2026-04-24,712.10546875,663.8105883789062,1,125064.65915123011,174301.03886978186
2026-04-27,713.332275390625,664.2824411010743,1,125280.11902492489,174601.32257962142
2026-04-28,709.8612060546875,664.7478179931641,1,124670.5069345258,173751.71389412016
2026-04-29,709.7515258789062,665.2067614746094,1,124651.24417865368,173724.8676340912
2026-04-30,716.8132934570312,665.7142175292969,1,125891.47837698627,175453.3664016751
2026-05-01,718.7982177734375,666.2213122558594,1,126240.08387710706,175939.21349260508
2026-05-04,716.1649780273438,666.6963504028321,1,125777.61694522579,175294.67915958975
2026-05-05,721.9102172851562,667.2023892211914,1,126786.63375671279,176700.93316989805
2026-05-06,731.9443359375,667.7527139282226,1,128548.8918549987,179156.97006611264
2026-05-07,729.7001342773438,668.2913723754883,1,128154.75035769108,178607.66002993897
2026-05-08,735.724609375,668.8336962890625,1,129212.80840908624,180082.26219808392
2026-05-11,737.4002685546875,669.3833605957032,1,129507.09872612187,180492.4109030558
2026-05-12,736.2831420898438,669.9141857910156,1,129310.90160829922,180218.97345324518
2026-05-13,740.4025268554688,670.466399230957,1,130034.3751304588,181227.26938083183
2026-05-14,746.2474975585938,671.0561450195313,1,131060.90743615561,182657.93451461665
2026-05-15,737.2706298828125,671.6049630737305,1,129484.33072752845,180460.67943043396
2026-05-18,736.751953125,672.1629574584961,1,129393.23729436137,180333.72366097046
2026-05-19,731.8446044921875,672.7476473999023,1,128531.37636078888,179132.55894263613
2026-05-20,739.3452758789062,673.3231085205078,1,129848.69374080004,180968.48756879993
2026-05-21,740.8114624023438,673.9217251586914,1,130106.19508835705,181327.36395077832
2026-05-22,743.7239990234375,674.5111178588867,1,130617.71397954316,182040.26138111833
2026-05-26,748.6613159179688,675.1278182983399,1,131484.83813689597,183248.76138808604
2026-05-27,748.5316162109375,675.7194903564454,1,131462.05941890585,183217.01497597614
2026-05-28,752.6609497070312,676.338039855957,1,132187.2802027277,184227.7460401152
2026-05-29,754.5361328125,676.9324862670899,1,132516.61222757967,184686.73193152816
2026-06-01,756.5908203125,677.5263262939453,1,132877.46999812996,185189.6548573012
2026-06-02,757.6182250976562,678.125007019043,1,133057.9096028018,185441.1312596758
2026-06-03,752.3018798828125,678.704573059082,1,132124.21799193436,184139.85703190693
2026-06-04,755.1445922851562,679.2990454101563,1,132623.47389329426,184835.66368791574
2026-06-05,735.65478515625,679.813327331543,1,129200.54541926003,180065.17142375273
2026-06-08,737.3204345703125,680.3443447875976,1,129493.07775523666,180472.87005268416
2026-06-09,735.1560668945312,680.8771994018555,1,129112.95722881425,179943.10086688216
2026-06-10,723.56591796875,681.3038381958008,1,127077.41883102713,177106.19666227704
2026-06-11,735.8642578125,681.8060131835938,1,129237.33438873866,180116.44374674626
2026-06-12,739.843994140625,682.3147842407227,1,129936.28193124582,181090.55812567053
2026-06-15,752.890380859375,682.8815176391602,1,132227.57441492766,184283.9035757016
2026-06-16,748.4019775390625,683.4144845581054,1,131439.29142031242,183185.28350335427
2026-06-17,739.0560302734375,683.9198599243164,1,129797.8945198329,180897.68933492285
2026-06-18,746.739990234375,684.4872927856445,1,131147.40224813786,182778.48124370596
2026-06-22,744.3900146484375,685.0258160400391,1,130734.68403634701,182203.28107473868
2026-06-23,733.5800170898438,685.4836840820312,1,128836.16096719503,179557.33340641065
2026-06-24,733.239990234375,685.9491494750977,1,128776.44320817247,179474.10551847453
2026-06-25,734.2999877929688,686.4120513916016,1,128962.60697068277,179733.55960746875
2026-06-26,728.989990234375,686.8409857177735,1,128030.03017707224,178433.8390864572
2026-06-29,741.0,687.3206732177734,1,130139.30730476715,181373.5120293701
2026-06-30,746.77001953125,687.8024075317383,1,131152.67619131485,182785.8314718274
2026-07-01,745.760009765625,688.2801803588867,1,130975.29161470287,182538.61282354756
2026-07-02,744.780029296875,688.7357446289062,1,130803.18098126788,182298.74440338917
2026-07-06,751.280029296875,689.2283093261718,1,131944.75385236234,183889.74012294505
2026-07-07,747.7100219726562,689.7070788574218,1,131317.76561991055,183015.91452731195
2026-07-08,745.4000244140625,690.159066772461,1,130912.068612959,182450.49972301853
2026-07-09,751.7100219726562,690.6263842773437,1,132020.2720021225,183994.9888162694
2026-07-10,754.9500122070312,691.0943310546875,1,127864.79650972167,172054.12412689484
